Transaction ID,Date,Customer ID,Gender,Age,Product Category,Product,Quantity,Price per Unit,Total Amount
T00001,2023-03-20,C1416,Female,28,Clothing,Shoes,4,2572.13,10288.52
T00002,2023-10-12,C1004,Male,43,Sports,Football,3,1265.99,3797.97
T00003,2023-06-06,C1075,Female,56,Home & Kitchen,Mixer Grinder,3,3448.96,10346.88
T00004,2024-06-22,C1195,Female,37,Beauty,Shampoo,2,486.83,973.66
T00005,2023-03-25,C1262,Female,46,Electronics,Laptop,4,55860.4,223441.6
T00006,2024-06-10,C1162,Male,18,Electronics,Headphones,1,2456.72,2456.72
T00007,2023-09-28,C1492,Female,42,Electronics,Smartwatch,3,6874.72,20624.16
T00008,2024-06-03,C1079,Male,34,Sports,Football,4,1086.79,4347.16
T00009,2024-11-23,C1024,Female,20,Beauty,Lipstick,2,754.82,1509.64
T00010,2023-07-25,C1455,Male,63,Home & Kitchen,Water Bottle,2,517.5,1035.0
T00011,2024-12-26,C1117,Male,26,Electronics,Laptop,4,60077.03,240308.12
T00012,2023-10-01,C1478,Male,34,Sports,Cricket Bat,3,2863.26,8589.78
T00013,2024-02-29,C1392,Female,50,Home & Kitchen,Cookware Set,3,2963.78,8891.34
T00014,2023-02-15,C1160,Male,34,Electronics,Headphones,3,2203.7,6611.1
T00015,2023-01-02,C1225,Male,57,Electronics,Tablet,4,20983.71,83934.84
T00016,2024-10-27,C1406,Female,50,Electronics,Laptop,1,62087.23,62087.23
T00017,2024-03-03,C1305,Male,32,Clothing,Jeans,2,1902.31,3804.62
T00018,2023-03-14,C1359,Female,23,Beauty,Lipstick,5,743.36,3716.8
T00019,2023-11-14,C1084,Female,25,Clothing,T-Shirt,2,904.45,1808.9
T00020,2023-01-22,C1410,Female,21,Clothing,Jacket,3,3914.56,11743.68
T00021,2023-01-12,C1087,Male,31,Beauty,Lipstick,1,629.44,629.44
T00022,2023-12-22,C1173,Female,36,Electronics,Tablet,5,21863.24,109316.2
T00023,2024-12-23,C1150,Female,61,Clothing,Shoes,5,3142.84,15714.2
T00024,2023-02-04,C1445,Male,45,Clothing,Shoes,1,2993.95,2993.95
T00025,2023-01-24,C1404,Female,47,Clothing,Shoes,1,3306.41,3306.41
T00026,2024-07-15,C1177,Female,37,Home & Kitchen,Table Lamp,4,1284.73,5138.92
T00027,2024-07-31,C1335,Female,51,Electronics,Headphones,1,2453.96,2453.96
T00028,2023-07-05,C1246,Female,59,Beauty,Face Cream,4,878.86,3515.44
T00029,2024-06-03,C1100,Female,35,Beauty,Skin Care Kit,4,1737.28,6949.12
T00030,2024-07-06,C1318,Male,19,Electronics,Smartphone,4,28855.64,115422.56
T00031,2023-05-10,C1231,Male,56,Beauty,Shampoo,5,442.62,2213.1
T00032,2023-08-17,C1261,Male,45,Electronics,Laptop,3,61336.89,184010.67
T00033,2023-10-14,C1395,Male,62,Electronics,Laptop,4,57802.04,231208.16
T00034,2023-12-27,C1257,Female,33,Sports,Cricket Bat,3,2456.52,7369.56
T00035,2024-07-29,C1374,Female,29,Sports,Running Shoes,4,4105.46,16421.84
T00036,2023-07-23,C1165,Male,54,Home & Kitchen,Water Bottle,4,430.5,1722.0
T00037,2024-09-11,C1251,Female,45,Clothing,T-Shirt,1,849.29,849.29
T00038,2023-10-20,C1020,Male,19,Electronics,Smartwatch,4,7447.4,29789.6
T00039,2023-02-28,C1325,Male,52,Home & Kitchen,Cookware Set,5,2917.6,14588.0
T00040,2024-11-23,C1242,Male,29,Clothing,T-Shirt,1,820.32,820.32
T00041,2023-07-04,C1039,Female,42,Electronics,Headphones,3,2138.03,6414.09
T00042,2024-01-19,C1126,Male,55,Clothing,Jacket,2,3334.79,6669.58
T00043,2023-01-08,C1498,Female,59,Electronics,Smartwatch,4,8491.23,33964.92
T00044,2024-05-31,C1495,Male,46,Sports,Running Shoes,1,4277.0,4277.0
T00045,2024-02-18,C1114,Male,43,Clothing,Jeans,1,1982.58,1982.58
T00046,2024-08-10,C1475,Female,64,Beauty,Face Cream,1,989.34,989.34
T00047,2024-10-15,C1053,Female,36,Clothing,T-Shirt,4,842.36,3369.44
T00048,2024-12-04,C1454,Male,45,Beauty,Skin Care Kit,1,1587.56,1587.56
T00049,2024-08-11,C1159,Female,65,Beauty,Perfume,1,2138.56,2138.56
T00050,2024-09-05,C1019,Male,55,Electronics,Laptop,3,72381.05,217143.15
T00051,2023-11-27,C1129,Male,40,Sports,Cricket Bat,2,2783.42,5566.84
T00052,2023-05-23,C1405,Female,29,Home & Kitchen,Mixer Grinder,5,3315.82,16579.1
T00053,2024-05-11,C1291,Male,50,Sports,Football,4,1217.46,4869.84
T00054,2023-01-03,C1085,Female,25,Sports,Dumbbells,2,2257.46,4514.92
T00055,2023-01-12,C1133,Male,46,Beauty,Face Cream,2,894.38,1788.76
T00056,2023-12-09,C1326,Female,53,Sports,Cricket Bat,5,2309.55,11547.75
T00057,2024-09-10,C1336,Female,62,Electronics,Smartphone,4,34099.71,136398.84
T00058,2023-11-20,C1277,Female,53,Electronics,Smartwatch,4,9091.18,36364.72
T00059,2024-07-17,C1494,Male,21,Electronics,Smartwatch,3,7043.41,21130.23
T00060,2023-04-16,C1420,Female,52,Clothing,Jacket,5,3818.18,19090.9
T00061,2023-12-16,C1459,Female,21,Clothing,Jeans,2,1677.22,3354.44
T00062,2023-11-08,C1241,Female,48,Clothing,Dress,2,2724.84,5449.68
T00063,2024-01-20,C1172,Male,53,Home & Kitchen,Cookware Set,5,2595.51,12977.55
T00064,2023-04-28,C1277,Female,30,Clothing,Shoes,2,2651.07,5302.14
T00065,2024-01-13,C1121,Female,32,Clothing,Dress,1,2720.31,2720.31
T00066,2023-10-20,C1068,Female,33,Beauty,Skin Care Kit,2,2016.01,4032.02
T00067,2023-05-26,C1403,Female,56,Electronics,Smartphone,3,33160.57,99481.71
T00068,2024-04-27,C1108,Male,22,Home & Kitchen,Water Bottle,2,492.77,985.54
T00069,2024-10-16,C1419,Male,34,Electronics,Smartphone,1,27450.66,27450.66
T00070,2024-03-16,C1254,Female,31,Sports,Dumbbells,3,2023.09,6069.27
T00071,2024-07-07,C1374,Female,24,Home & Kitchen,Mixer Grinder,2,3263.27,6526.54
T00072,2023-10-29,C1019,Male,56,Electronics,Smartwatch,1,8461.85,8461.85
T00073,2023-02-05,C1232,Male,49,Electronics,Tablet,2,20925.7,41851.4
T00074,2023-03-11,C1425,Male,26,Home & Kitchen,Table Lamp,1,1234.47,1234.47
T00075,2024-03-03,C1027,Female,19,Home & Kitchen,Water Bottle,5,502.86,2514.3
T00076,2023-09-16,C1342,Male,61,Home & Kitchen,Table Lamp,2,1264.85,2529.7
T00077,2024-04-15,C1286,Female,34,Home & Kitchen,Cookware Set,4,2935.94,11743.76
T00078,2023-10-14,C1303,Male,22,Electronics,Tablet,4,19285.86,77143.44
T00079,2024-02-04,C1396,Male,33,Clothing,T-Shirt,2,703.2,1406.4
T00080,2024-09-18,C1104,Male,62,Electronics,Tablet,3,24819.37,74458.11
T00081,2023-10-13,C1149,Male,61,Sports,Running Shoes,4,4512.4,18049.6
T00082,2024-04-04,C1038,Male,49,Beauty,Shampoo,2,488.87,977.74
T00083,2023-04-24,C1237,Male,53,Clothing,Dress,2,2172.33,4344.66
T00084,2024-03-24,C1331,Male,44,Electronics,Smartphone,1,26288.78,26288.78
T00085,2023-11-07,C1262,Female,43,Clothing,Jacket,4,3268.69,13074.76
T00086,2023-01-12,C1239,Male,54,Clothing,Jacket,3,3578.32,10734.96
T00087,2023-08-04,C1490,Male,62,Home & Kitchen,Mixer Grinder,2,3541.72,7083.44
T00088,2024-07-31,C1347,Male,32,Beauty,Lipstick,4,766.93,3067.72
T00089,2023-09-23,C1025,Female,37,Sports,Cricket Bat,3,2384.57,7153.71
T00090,2023-04-20,C1336,Female,50,Clothing,Jeans,1,1788.85,1788.85
T00091,2024-10-14,C1117,Female,58,Electronics,Smartwatch,4,8006.16,32024.64
T00092,2023-06-22,C1444,Male,42,Home & Kitchen,Cookware Set,5,2401.68,12008.4
T00093,2024-03-22,C1390,Female,31,Home & Kitchen,Water Bottle,4,471.77,1887.08
T00094,2024-05-31,C1467,Male,40,Beauty,Skin Care Kit,3,1864.58,5593.74
T00095,2023-02-25,C1463,Female,28,Home & Kitchen,Cookware Set,2,2557.87,5115.74
T00096,2023-07-09,C1494,Male,38,Clothing,T-Shirt,3,720.96,2162.88
T00097,2023-04-11,C1359,Female,21,Beauty,Lipstick,4,724.79,2899.16
T00098,2023-08-19,C1178,Female,53,Clothing,Dress,4,2255.31,9021.24
T00099,2023-04-02,C1470,Male,52,Electronics,Smartwatch,4,7771.52,31086.08
T00100,2024-02-09,C1246,Male,19,Electronics,Smartwatch,5,8646.33,43231.65
T00101,2023-01-13,C1213,Female,56,Electronics,Smartwatch,2,8434.34,16868.68
T00102,2024-11-02,C1164,Male,35,Beauty,Face Cream,2,934.91,1869.82
T00103,2023-11-04,C1256,Male,28,Clothing,T-Shirt,3,743.8,2231.4
T00104,2024-08-16,C1232,Male,51,Beauty,Skin Care Kit,2,1598.69,3197.38
T00105,2023-01-21,C1042,Male,46,Sports,Football,1,1241.07,1241.07
T00106,2024-02-29,C1129,Female,34,Electronics,Smartwatch,1,9092.8,9092.8
T00107,2023-08-20,C1277,Female,50,Clothing,Jeans,4,1571.27,6285.08
T00108,2023-07-19,C1433,Female,25,Home & Kitchen,Water Bottle,3,499.32,1497.96
T00109,2024-02-20,C1428,Male,62,Electronics,Laptop,4,64037.08,256148.32
T00110,2023-02-12,C1385,Male,25,Electronics,Laptop,5,56182.7,280913.5
T00111,2023-05-28,C1277,Male,41,Clothing,Shoes,3,2614.13,7842.39
T00112,2024-05-13,C1028,Female,32,Electronics,Smartphone,4,28647.33,114589.32
T00113,2023-12-18,C1008,Female,22,Sports,Football,3,1168.37,3505.11
T00114,2023-11-25,C1450,Female,25,Home & Kitchen,Cookware Set,4,3135.08,12540.32
T00115,2023-06-18,C1217,Female,21,Beauty,Face Cream,3,797.77,2393.31
T00116,2024-05-02,C1258,Male,53,Sports,Cricket Bat,2,2366.66,4733.32
T00117,2023-08-14,C1011,Female,33,Home & Kitchen,Table Lamp,5,1351.31,6756.55
T00118,2023-05-04,C1473,Male,26,Electronics,Smartphone,1,33852.75,33852.75
T00119,2024-03-10,C1174,Female,38,Sports,Cricket Bat,4,2305.52,9222.08
T00120,2023-02-08,C1497,Male,49,Beauty,Perfume,5,2058.7,10293.5
T00121,2024-10-22,C1126,Female,38,Home & Kitchen,Water Bottle,1,506.6,506.6
T00122,2024-06-17,C1348,Female,39,Sports,Dumbbells,3,2081.24,6243.72
T00123,2024-03-11,C1283,Female,46,Clothing,Shoes,5,2698.33,13491.65
T00124,2024-11-13,C1421,Female,61,Electronics,Smartphone,3,26856.08,80568.24
T00125,2023-01-30,C1295,Male,36,Electronics,Smartwatch,1,8020.07,8020.07
T00126,2023-07-05,C1144,Male,64,Clothing,Dress,1,2695.84,2695.84
T00127,2024-04-27,C1224,Male,18,Home & Kitchen,Mixer Grinder,4,3737.78,14951.12
T00128,2023-10-29,C1231,Female,27,Sports,Cricket Bat,2,2278.03,4556.06
T00129,2024-05-14,C1420,Female,65,Electronics,Headphones,3,2640.91,7922.73
T00130,2023-01-14,C1121,Female,29,Beauty,Face Cream,2,991.79,1983.58
T00131,2023-03-11,C1312,Female,28,Clothing,Jeans,5,1728.69,8643.45
T00132,2023-01-20,C1394,Male,64,Electronics,Headphones,5,2218.54,11092.7
T00133,2024-02-09,C1202,Male,38,Electronics,Headphones,2,2418.64,4837.28
T00134,2024-08-05,C1004,Male,37,Clothing,Dress,4,2720.65,10882.6
T00135,2024-05-14,C1388,Male,33,Sports,Running Shoes,3,3477.82,10433.46
T00136,2023-07-30,C1406,Female,36,Clothing,Jeans,2,1855.16,3710.32
T00137,2024-12-04,C1019,Male,55,Beauty,Skin Care Kit,4,1953.84,7815.36
T00138,2024-09-19,C1113,Male,50,Home & Kitchen,Table Lamp,4,1064.06,4256.24
T00139,2023-04-28,C1301,Female,28,Clothing,Jacket,4,3747.45,14989.8
T00140,2024-02-03,C1198,Female,37,Sports,Yoga Mat,1,937.14,937.14
T00141,2024-05-19,C1500,Female,43,Sports,Dumbbells,3,2358.39,7075.17
T00142,2023-09-11,C1118,Female,30,Clothing,Shoes,2,2851.06,5702.12
T00143,2023-10-29,C1410,Male,36,Clothing,Shoes,1,3386.66,3386.66
T00144,2023-03-15,C1192,Female,54,Clothing,Jacket,5,3859.03,19295.15
T00145,2023-10-22,C1498,Male,21,Clothing,Shoes,4,2670.13,10680.52
T00146,2023-07-01,C1174,Female,53,Electronics,Headphones,1,2710.16,2710.16
T00147,2024-07-01,C1213,Female,48,Beauty,Shampoo,4,400.77,1603.08
T00148,2023-08-08,C1270,Male,45,Beauty,Shampoo,2,420.6,841.2
T00149,2023-08-16,C1184,Male,23,Electronics,Smartphone,2,33103.1,66206.2
T00150,2023-07-15,C1178,Male,60,Clothing,Jacket,4,3625.68,14502.72
T00151,2023-07-22,C1148,Male,32,Sports,Yoga Mat,3,858.78,2576.34
T00152,2023-11-10,C1021,Female,31,Electronics,Smartwatch,2,8786.88,17573.76
T00153,2023-11-01,C1403,Male,43,Electronics,Smartphone,5,31387.57,156937.85
T00154,2024-02-29,C1161,Male,29,Clothing,Jacket,1,3969.39,3969.39
T00155,2024-08-20,C1289,Male,59,Sports,Cricket Bat,5,2293.99,11469.95
T00156,2024-11-11,C1423,Female,45,Electronics,Laptop,5,59684.49,298422.45
T00157,2024-07-30,C1330,Male,63,Beauty,Perfume,1,2274.51,2274.51
T00158,2023-04-08,C1144,Male,65,Home & Kitchen,Table Lamp,5,1360.45,6802.25
T00159,2023-10-21,C1444,Male,29,Electronics,Headphones,5,2686.96,13434.8
T00160,2024-06-15,C1154,Male,49,Home & Kitchen,Bedsheet,2,1715.13,3430.26
T00161,2024-12-26,C1116,Female,57,Clothing,Dress,4,2514.54,10058.16
T00162,2023-01-26,C1369,Female,57,Beauty,Shampoo,3,510.3,1530.9
T00163,2023-04-07,C1042,Female,20,Beauty,Face Cream,1,790.42,790.42
T00164,2023-06-27,C1427,Female,40,Beauty,Shampoo,3,396.74,1190.22
T00165,2024-05-22,C1476,Female,29,Electronics,Headphones,5,2848.36,14241.8
T00166,2024-07-12,C1399,Female,25,Home & Kitchen,Mixer Grinder,4,3265.26,13061.04
T00167,2024-01-22,C1365,Female,23,Clothing,Jeans,2,1771.71,3543.42
T00168,2023-08-08,C1129,Female,57,Electronics,Headphones,3,2332.68,6998.04
T00169,2024-01-01,C1246,Male,54,Electronics,Smartwatch,4,8768.91,35075.64
T00170,2023-05-09,C1063,Male,63,Beauty,Lipstick,1,763.76,763.76
T00171,2023-04-12,C1223,Male,30,Beauty,Skin Care Kit,5,1890.68,9453.4
T00172,2024-10-27,C1382,Female,20,Electronics,Headphones,3,2640.15,7920.45
T00173,2024-04-30,C1434,Male,46,Beauty,Skin Care Kit,3,1631.2,4893.6
T00174,2023-12-30,C1364,Female,28,Electronics,Headphones,4,2360.76,9443.04
T00175,2024-04-20,C1286,Female,39,Beauty,Perfume,5,2037.85,10189.25
T00176,2024-11-05,C1180,Male,43,Electronics,Smartphone,5,26516.49,132582.45
T00177,2023-10-06,C1176,Female,35,Home & Kitchen,Cookware Set,1,3001.32,3001.32
T00178,2023-10-16,C1212,Female,47,Clothing,T-Shirt,5,873.49,4367.45
T00179,2023-02-16,C1423,Male,57,Sports,Running Shoes,2,3790.12,7580.24
T00180,2024-10-01,C1191,Male,25,Electronics,Laptop,4,59680.0,238720.0
T00181,2023-07-10,C1021,Male,64,Clothing,Jacket,4,3884.71,15538.84
T00182,2024-04-04,C1401,Female,63,Electronics,Headphones,1,2352.96,2352.96
T00183,2024-10-07,C1251,Male,32,Sports,Yoga Mat,3,780.96,2342.88
T00184,2024-09-03,C1328,Male,63,Sports,Football,3,1059.96,3179.88
T00185,2023-10-08,C1424,Male,31,Clothing,Jacket,3,4000.64,12001.92
T00186,2024-12-13,C1284,Female,20,Beauty,Face Cream,1,843.9,843.9
T00187,2024-01-10,C1121,Male,26,Home & Kitchen,Water Bottle,5,569.42,2847.1
T00188,2024-03-12,C1317,Male,31,Beauty,Shampoo,3,500.32,1500.96
T00189,2023-03-30,C1142,Male,50,Beauty,Shampoo,1,415.16,415.16
T00190,2024-12-08,C1068,Female,31,Electronics,Headphones,5,2347.93,11739.65
T00191,2024-09-23,C1127,Male,63,Electronics,Tablet,2,23107.51,46215.02
T00192,2024-07-29,C1494,Female,29,Sports,Running Shoes,1,3742.35,3742.35
T00193,2024-11-14,C1417,Male,22,Sports,Cricket Bat,5,2516.08,12580.4
T00194,2024-04-26,C1216,Female,26,Beauty,Skin Care Kit,5,1813.63,9068.15
T00195,2024-08-10,C1174,Male,57,Clothing,T-Shirt,5,846.67,4233.35
T00196,2024-06-16,C1307,Male,46,Clothing,T-Shirt,3,894.21,2682.63
T00197,2023-12-14,C1028,Female,21,Home & Kitchen,Water Bottle,1,530.4,530.4
T00198,2023-06-11,C1347,Male,39,Sports,Dumbbells,4,2191.86,8767.44
T00199,2024-10-26,C1210,Male,55,Sports,Yoga Mat,1,837.62,837.62
T00200,2024-04-11,C1380,Female,43,Home & Kitchen,Mixer Grinder,5,3471.12,17355.6
T00201,2024-02-28,C1142,Female,62,Beauty,Face Cream,1,886.63,886.63
T00202,2023-02-18,C1302,Female,30,Electronics,Headphones,5,2480.72,12403.6
T00203,2023-12-07,C1245,Male,50,Electronics,Laptop,3,71706.53,215119.59
T00204,2024-07-02,C1305,Male,58,Sports,Yoga Mat,2,844.24,1688.48
T00205,2024-07-04,C1397,Female,56,Beauty,Perfume,1,1945.13,1945.13
T00206,2023-06-17,C1108,Male,63,Electronics,Headphones,3,2462.95,7388.85
T00207,2023-08-28,C1417,Female,62,Electronics,Headphones,4,2786.69,11146.76
T00208,2023-06-23,C1343,Male,22,Beauty,Skin Care Kit,2,2045.73,4091.46
T00209,2023-11-20,C1478,Male,35,Electronics,Smartwatch,1,8249.11,8249.11
T00210,2023-03-25,C1113,Female,36,Electronics,Laptop,4,62446.53,249786.12
T00211,2023-04-15,C1202,Female,32,Beauty,Perfume,4,1922.92,7691.68
T00212,2024-07-16,C1118,Female,27,Home & Kitchen,Cookware Set,3,2878.68,8636.04
T00213,2024-10-28,C1117,Female,20,Beauty,Perfume,1,1971.85,1971.85
T00214,2023-09-15,C1081,Female,33,Electronics,Smartphone,5,26097.99,130489.95
T00215,2023-12-23,C1213,Male,18,Home & Kitchen,Mixer Grinder,4,3284.79,13139.16
T00216,2024-03-13,C1107,Female,55,Electronics,Laptop,1,69468.88,69468.88
T00217,2024-09-25,C1030,Male,26,Clothing,Jeans,4,1893.4,7573.6
T00218,2023-06-21,C1335,Male,20,Home & Kitchen,Water Bottle,4,544.76,2179.04
T00219,2024-11-09,C1290,Male,53,Beauty,Perfume,3,2254.25,6762.75
T00220,2023-07-12,C1047,Female,54,Home & Kitchen,Water Bottle,5,521.86,2609.3
T00221,2024-03-02,C1495,Female,35,Beauty,Shampoo,3,385.94,1157.82
T00222,2024-01-27,C1418,Female,55,Beauty,Lipstick,3,660.36,1981.08
T00223,2024-03-09,C1325,Female,48,Electronics,Tablet,4,22393.94,89575.76
T00224,2024-03-05,C1363,Male,21,Clothing,Jacket,3,3987.22,11961.66
T00225,2023-09-02,C1030,Female,23,Clothing,Jacket,2,3390.21,6780.42
T00226,2023-02-04,C1087,Female,54,Electronics,Smartphone,5,33019.32,165096.6
T00227,2024-03-06,C1126,Male,46,Sports,Dumbbells,2,2415.63,4831.26
T00228,2023-03-10,C1165,Female,65,Clothing,Dress,1,2414.13,2414.13
T00229,2024-01-14,C1343,Female,62,Sports,Yoga Mat,1,908.71,908.71
T00230,2024-05-11,C1341,Female,49,Beauty,Lipstick,3,658.49,1975.47
T00231,2024-01-20,C1092,Female,56,Home & Kitchen,Water Bottle,5,569.96,2849.8
T00232,2024-03-10,C1273,Female,51,Beauty,Skin Care Kit,3,1611.28,4833.84
T00233,2023-06-14,C1487,Female,39,Beauty,Lipstick,4,658.1,2632.4
T00234,2024-10-20,C1064,Female,54,Clothing,Shoes,4,3317.3,13269.2
T00235,2023-09-03,C1149,Male,62,Electronics,Headphones,5,2574.34,12871.7
T00236,2024-06-07,C1070,Male,37,Home & Kitchen,Bedsheet,4,1300.98,5203.92
T00237,2024-08-04,C1183,Male,65,Clothing,T-Shirt,3,791.04,2373.12
T00238,2024-02-11,C1399,Female,50,Electronics,Smartphone,4,28072.05,112288.2
T00239,2024-12-31,C1082,Female,34,Beauty,Lipstick,3,787.93,2363.79
T00240,2023-12-31,C1163,Female,64,Electronics,Tablet,3,22673.97,68021.91
T00241,2023-05-27,C1063,Female,34,Sports,Yoga Mat,4,765.86,3063.44
T00242,2023-10-14,C1208,Female,64,Sports,Football,3,1031.08,3093.24
T00243,2023-11-16,C1126,Female,20,Sports,Cricket Bat,5,2147.91,10739.55
T00244,2023-10-13,C1057,Female,41,Clothing,Shoes,4,3273.99,13095.96
T00245,2023-11-23,C1030,Female,43,Electronics,Headphones,3,2275.49,6826.47
T00246,2024-07-02,C1141,Female,54,Sports,Football,1,1143.04,1143.04
T00247,2023-07-13,C1191,Female,18,Clothing,Shoes,4,3142.69,12570.76
T00248,2023-12-24,C1075,Male,21,Sports,Yoga Mat,2,785.97,1571.94
T00249,2023-10-17,C1045,Female,30,Sports,Football,3,1247.55,3742.65
T00250,2024-10-18,C1375,Female,33,Sports,Running Shoes,3,4027.09,12081.27
T00251,2024-03-25,C1474,Male,55,Clothing,Jeans,2,1660.8,3321.6
T00252,2024-09-23,C1382,Female,20,Clothing,Shoes,4,3327.06,13308.24
T00253,2023-08-21,C1158,Male,56,Sports,Football,5,1229.97,6149.85
T00254,2024-12-26,C1031,Female,36,Clothing,Shoes,5,3093.14,15465.7
T00255,2024-10-21,C1160,Female,25,Electronics,Laptop,2,66674.36,133348.72
T00256,2023-01-30,C1191,Male,41,Beauty,Face Cream,2,957.77,1915.54
T00257,2024-09-22,C1415,Male,25,Sports,Dumbbells,5,2475.08,12375.4
T00258,2024-07-14,C1079,Male,28,Home & Kitchen,Cookware Set,2,3071.97,6143.94
T00259,2024-12-26,C1294,Female,43,Beauty,Perfume,1,2207.35,2207.35
T00260,2023-06-06,C1156,Male,23,Electronics,Laptop,2,64355.88,128711.76
T00261,2024-11-04,C1428,Female,36,Beauty,Lipstick,1,670.65,670.65
T00262,2023-07-17,C1112,Male,30,Sports,Dumbbells,4,2468.75,9875.0
T00263,2024-12-29,C1120,Female,40,Electronics,Tablet,3,19289.31,57867.93
T00264,2024-06-19,C1364,Male,30,Beauty,Face Cream,5,957.52,4787.6
T00265,2024-06-16,C1340,Male,42,Sports,Football,1,1263.4,1263.4
T00266,2024-05-16,C1304,Male,59,Home & Kitchen,Bedsheet,3,1564.87,4694.61
T00267,2023-08-15,C1236,Male,65,Home & Kitchen,Water Bottle,1,496.4,496.4
T00268,2024-02-01,C1100,Male,30,Home & Kitchen,Mixer Grinder,4,3876.9,15507.6
T00269,2023-04-10,C1109,Female,28,Clothing,Jeans,1,1884.97,1884.97
T00270,2023-10-01,C1003,Female,41,Clothing,Shoes,5,2815.77,14078.85
T00271,2024-03-13,C1065,Female,45,Home & Kitchen,Water Bottle,4,432.83,1731.32
T00272,2023-02-18,C1118,Female,52,Home & Kitchen,Water Bottle,5,468.11,2340.55
T00273,2024-11-07,C1102,Male,27,Sports,Cricket Bat,5,2325.69,11628.45
T00274,2024-01-22,C1111,Male,27,Sports,Cricket Bat,1,2218.28,2218.28
T00275,2024-02-13,C1228,Female,41,Beauty,Perfume,4,2262.79,9051.16
T00276,2023-06-05,C1272,Male,18,Beauty,Face Cream,4,872.36,3489.44
T00277,2024-11-12,C1187,Female,44,Home & Kitchen,Mixer Grinder,4,3999.81,15999.24
T00278,2024-05-15,C1153,Male,24,Beauty,Perfume,2,1989.95,3979.9
T00279,2024-07-08,C1373,Male,29,Home & Kitchen,Mixer Grinder,2,3209.43,6418.86
T00280,2023-06-09,C1331,Female,64,Home & Kitchen,Water Bottle,5,571.13,2855.65
T00281,2024-10-05,C1104,Male,62,Sports,Yoga Mat,1,843.61,843.61
T00282,2023-07-24,C1079,Female,51,Clothing,Jacket,5,3214.65,16073.25
T00283,2024-09-22,C1133,Female,43,Clothing,Dress,4,2168.38,8673.52
T00284,2023-08-21,C1017,Male,49,Electronics,Tablet,2,22954.3,45908.6
T00285,2023-01-25,C1394,Female,59,Beauty,Lipstick,2,636.12,1272.24
T00286,2023-12-26,C1068,Female,30,Electronics,Headphones,5,2332.18,11660.9
T00287,2023-08-04,C1438,Female,64,Clothing,Dress,3,2319.93,6959.79
T00288,2023-01-05,C1084,Female,58,Beauty,Shampoo,1,502.67,502.67
T00289,2023-01-15,C1224,Female,50,Clothing,Dress,1,2460.76,2460.76
T00290,2024-07-27,C1086,Female,22,Beauty,Skin Care Kit,2,1896.99,3793.98
T00291,2024-06-01,C1093,Male,48,Electronics,Smartphone,2,27122.77,54245.54
T00292,2023-11-27,C1333,Male,50,Electronics,Tablet,5,19029.86,95149.3
T00293,2023-09-29,C1068,Female,61,Home & Kitchen,Cookware Set,3,2709.16,8127.48
T00294,2023-11-28,C1139,Female,43,Clothing,Jacket,4,4019.56,16078.24
T00295,2023-06-03,C1390,Male,40,Electronics,Smartwatch,1,9006.53,9006.53
T00296,2023-09-02,C1336,Female,51,Beauty,Shampoo,4,489.5,1958.0
T00297,2024-04-22,C1352,Female,30,Home & Kitchen,Cookware Set,2,3016.14,6032.28
T00298,2024-08-22,C1242,Male,34,Electronics,Tablet,1,21724.35,21724.35
T00299,2024-05-26,C1156,Female,27,Beauty,Skin Care Kit,4,1536.54,6146.16
T00300,2023-11-18,C1055,Male,59,Electronics,Smartphone,3,25914.51,77743.53
T00301,2024-10-14,C1173,Female,46,Electronics,Headphones,5,2309.36,11546.8
T00302,2023-05-09,C1160,Female,44,Beauty,Face Cream,4,843.0,3372.0
T00303,2024-09-20,C1094,Male,20,Beauty,Perfume,5,2187.82,10939.1
T00304,2023-01-17,C1274,Male,44,Beauty,Lipstick,3,794.7,2384.1
T00305,2023-04-24,C1257,Male,44,Home & Kitchen,Table Lamp,4,1159.08,4636.32
T00306,2024-12-15,C1041,Female,40,Sports,Cricket Bat,2,2813.68,5627.36
T00307,2024-08-02,C1197,Male,34,Beauty,Perfume,5,1893.77,9468.85
T00308,2024-02-07,C1109,Female,29,Clothing,Jacket,3,3423.88,10271.64
T00309,2023-03-25,C1399,Female,38,Home & Kitchen,Water Bottle,2,558.88,1117.76
T00310,2023-05-27,C1112,Male,25,Clothing,Jeans,4,1640.41,6561.64
T00311,2024-12-07,C1367,Female,32,Clothing,Dress,1,2398.27,2398.27
T00312,2023-01-04,C1323,Female,46,Electronics,Headphones,5,2670.06,13350.3
T00313,2023-09-11,C1181,Female,40,Electronics,Smartphone,1,29669.64,29669.64
T00314,2024-10-11,C1168,Male,23,Sports,Yoga Mat,1,924.42,924.42
T00315,2023-02-07,C1499,Female,39,Home & Kitchen,Table Lamp,5,1177.49,5887.45
T00316,2024-06-25,C1190,Female,40,Home & Kitchen,Water Bottle,1,552.26,552.26
T00317,2024-05-10,C1379,Male,31,Clothing,Shoes,1,2777.53,2777.53
T00318,2024-07-24,C1287,Female,25,Electronics,Tablet,5,22280.31,111401.55
T00319,2024-06-04,C1465,Female,51,Electronics,Smartphone,2,25686.04,51372.08
T00320,2024-03-11,C1111,Female,34,Clothing,Jacket,2,3480.96,6961.92
T00321,2023-07-10,C1217,Female,55,Beauty,Perfume,3,2370.94,7112.82
T00322,2023-04-06,C1423,Male,41,Home & Kitchen,Bedsheet,4,1712.59,6850.36
T00323,2023-11-09,C1081,Female,56,Beauty,Lipstick,1,620.63,620.63
T00324,2023-09-19,C1340,Male,26,Clothing,Jeans,3,1558.02,4674.06
T00325,2023-04-19,C1183,Female,29,Sports,Dumbbells,5,2435.31,12176.55
T00326,2023-05-08,C1452,Female,32,Home & Kitchen,Mixer Grinder,1,3374.54,3374.54
T00327,2023-09-27,C1162,Male,52,Beauty,Face Cream,1,771.8,771.8
T00328,2023-06-17,C1339,Female,46,Beauty,Skin Care Kit,4,1831.85,7327.4
T00329,2024-06-08,C1240,Female,33,Clothing,Shoes,1,2827.95,2827.95
T00330,2024-10-21,C1095,Female,60,Electronics,Headphones,3,2422.42,7267.26
T00331,2024-06-02,C1206,Female,39,Clothing,Dress,4,2342.53,9370.12
T00332,2024-05-14,C1464,Female,36,Home & Kitchen,Bedsheet,2,1649.77,3299.54
T00333,2023-05-20,C1401,Male,28,Electronics,Tablet,1,22322.47,22322.47
T00334,2023-02-28,C1033,Female,31,Electronics,Laptop,5,69537.63,347688.15
T00335,2024-07-12,C1167,Male,22,Electronics,Smartphone,1,31668.99,31668.99
T00336,2024-06-09,C1215,Female,24,Electronics,Tablet,1,22935.45,22935.45
T00337,2024-12-14,C1361,Male,46,Sports,Football,5,1056.49,5282.45
T00338,2024-06-01,C1058,Male,27,Home & Kitchen,Mixer Grinder,2,3447.62,6895.24
T00339,2024-04-12,C1425,Male,22,Clothing,Shoes,4,2913.24,11652.96
T00340,2023-04-08,C1345,Male,24,Electronics,Laptop,3,65384.23,196152.69
T00341,2023-06-03,C1427,Female,27,Clothing,Jacket,2,3276.83,6553.66
T00342,2023-05-28,C1108,Male,37,Clothing,Jacket,5,3946.8,19734.0
T00343,2023-05-14,C1207,Male,19,Electronics,Headphones,4,2194.07,8776.28
T00344,2024-03-18,C1100,Female,49,Clothing,Jacket,2,3448.22,6896.44
T00345,2023-06-03,C1473,Female,21,Clothing,Jacket,4,2977.12,11908.48
T00346,2023-09-05,C1278,Female,39,Beauty,Face Cream,5,1020.08,5100.4
T00347,2023-10-28,C1068,Male,62,Beauty,Shampoo,2,432.93,865.86
T00348,2023-03-14,C1237,Male,18,Electronics,Laptop,1,64029.96,64029.96
T00349,2024-02-23,C1244,Male,44,Clothing,Jeans,1,1798.94,1798.94
T00350,2024-10-05,C1093,Female,45,Beauty,Lipstick,5,787.06,3935.3
T00351,2023-02-12,C1377,Female,36,Beauty,Lipstick,1,687.06,687.06
T00352,2024-01-04,C1245,Male,62,Sports,Yoga Mat,2,954.23,1908.46
T00353,2023-10-23,C1203,Male,22,Beauty,Shampoo,1,411.44,411.44
T00354,2023-12-04,C1094,Female,50,Electronics,Smartwatch,2,8558.56,17117.12
T00355,2023-11-15,C1077,Female,36,Electronics,Smartphone,2,32745.81,65491.62
T00356,2024-11-21,C1494,Female,44,Beauty,Lipstick,2,702.86,1405.72
T00357,2023-10-22,C1369,Female,23,Electronics,Smartphone,1,33786.9,33786.9
T00358,2024-07-21,C1187,Female,54,Beauty,Shampoo,4,506.06,2024.24
T00359,2024-11-10,C1420,Female,60,Sports,Running Shoes,2,4156.3,8312.6
T00360,2023-03-04,C1150,Male,32,Beauty,Face Cream,4,803.98,3215.92
T00361,2023-05-15,C1061,Female,21,Clothing,Jacket,2,2998.01,5996.02
T00362,2023-05-01,C1385,Female,18,Beauty,Lipstick,4,639.11,2556.44
T00363,2023-08-30,C1455,Female,27,Clothing,Shoes,5,2613.44,13067.2
T00364,2023-03-10,C1129,Male,36,Beauty,Lipstick,5,768.56,3842.8
T00365,2023-10-04,C1061,Female,59,Sports,Dumbbells,4,2034.97,8139.88
T00366,2024-06-27,C1055,Male,62,Clothing,Jeans,4,2001.22,8004.88
T00367,2023-04-07,C1369,Male,59,Sports,Running Shoes,4,4158.66,16634.64
T00368,2024-10-23,C1425,Female,62,Sports,Running Shoes,5,3871.28,19356.4
T00369,2024-02-18,C1313,Female,29,Electronics,Smartwatch,2,8922.5,17845.0
T00370,2024-07-11,C1372,Male,40,Electronics,Laptop,5,64204.19,321020.95
T00371,2024-10-07,C1108,Female,38,Electronics,Smartwatch,1,8577.5,8577.5
T00372,2024-05-13,C1462,Female,60,Electronics,Smartphone,1,28607.07,28607.07
T00373,2023-08-22,C1028,Male,53,Electronics,Smartphone,2,31211.75,62423.5
T00374,2023-12-29,C1137,Female,45,Home & Kitchen,Bedsheet,3,1426.05,4278.15
T00375,2024-03-24,C1413,Male,27,Electronics,Laptop,1,65797.65,65797.65
T00376,2023-08-27,C1205,Female,18,Clothing,Jeans,2,1752.46,3504.92
T00377,2023-10-09,C1017,Male,46,Home & Kitchen,Mixer Grinder,5,3098.06,15490.3
T00378,2023-04-13,C1309,Male,20,Electronics,Smartwatch,5,8635.52,43177.6
T00379,2024-01-22,C1207,Male,60,Home & Kitchen,Mixer Grinder,1,3616.9,3616.9
T00380,2023-01-25,C1310,Male,43,Clothing,Shoes,5,2749.71,13748.55
T00381,2024-08-20,C1336,Male,18,Electronics,Tablet,1,22235.33,22235.33
T00382,2024-02-17,C1339,Female,58,Home & Kitchen,Mixer Grinder,3,3108.76,9326.28
T00383,2024-11-23,C1430,Male,32,Beauty,Lipstick,2,679.96,1359.92
T00384,2024-10-09,C1022,Male,65,Sports,Yoga Mat,2,1008.48,2016.96
T00385,2023-02-18,C1173,Male,32,Home & Kitchen,Water Bottle,1,536.46,536.46
T00386,2023-08-09,C1123,Male,32,Home & Kitchen,Cookware Set,2,2811.23,5622.46
T00387,2023-02-09,C1059,Male,20,Clothing,Jeans,5,1771.05,8855.25
T00388,2024-09-10,C1096,Female,28,Electronics,Tablet,3,21138.58,63415.74
T00389,2023-05-04,C1482,Male,26,Home & Kitchen,Bedsheet,3,1649.12,4947.36
T00390,2024-01-03,C1429,Female,26,Home & Kitchen,Table Lamp,1,1229.17,1229.17
T00391,2023-02-13,C1029,Male,54,Sports,Cricket Bat,4,2230.24,8920.96
T00392,2024-03-17,C1401,Male,45,Clothing,Jacket,4,3179.72,12718.88
T00393,2024-04-14,C1062,Female,53,Clothing,Jacket,5,3661.84,18309.2
T00394,2024-06-11,C1008,Female,30,Home & Kitchen,Cookware Set,4,2778.09,11112.36
T00395,2024-12-16,C1138,Male,19,Clothing,Jacket,1,3228.58,3228.58
T00396,2023-06-27,C1396,Female,34,Sports,Dumbbells,3,1994.03,5982.09
T00397,2023-03-03,C1294,Male,49,Sports,Football,2,1182.28,2364.56
T00398,2024-11-15,C1480,Male,47,Clothing,T-Shirt,3,905.38,2716.14
T00399,2024-08-08,C1487,Female,30,Home & Kitchen,Water Bottle,5,529.2,2646.0
T00400,2023-12-06,C1204,Female,23,Home & Kitchen,Table Lamp,4,1186.15,4744.6
T00401,2023-03-11,C1381,Male,54,Electronics,Laptop,4,59486.0,237944.0
T00402,2023-08-05,C1056,Female,63,Sports,Running Shoes,3,4389.19,13167.57
T00403,2023-09-15,C1264,Female,30,Beauty,Lipstick,5,686.65,3433.25
T00404,2023-10-03,C1140,Male,55,Home & Kitchen,Bedsheet,1,1534.52,1534.52
T00405,2024-03-26,C1365,Female,49,Clothing,Jacket,5,3760.59,18802.95
T00406,2024-04-03,C1187,Male,33,Sports,Football,3,1225.62,3676.86
T00407,2023-10-31,C1291,Male,47,Clothing,Shoes,3,2915.41,8746.23
T00408,2023-08-23,C1442,Male,49,Electronics,Smartphone,1,32360.72,32360.72
T00409,2023-12-05,C1025,Male,38,Sports,Football,3,1244.86,3734.58
T00410,2023-03-15,C1061,Male,36,Electronics,Tablet,5,22912.93,114564.65
T00411,2024-10-12,C1110,Female,36,Clothing,Jacket,1,3215.32,3215.32
T00412,2024-07-15,C1388,Female,22,Sports,Cricket Bat,4,2520.76,10083.04
T00413,2023-10-15,C1395,Female,42,Sports,Yoga Mat,2,958.08,1916.16
T00414,2023-03-16,C1277,Male,35,Beauty,Skin Care Kit,2,1725.71,3451.42
T00415,2024-04-02,C1406,Female,42,Beauty,Shampoo,5,389.84,1949.2
T00416,2024-09-07,C1460,Male,21,Clothing,Jacket,1,3642.74,3642.74
T00417,2024-03-09,C1112,Male,31,Clothing,Jeans,1,1982.18,1982.18
T00418,2024-06-15,C1222,Male,29,Clothing,T-Shirt,3,847.91,2543.73
T00419,2024-03-13,C1026,Female,47,Beauty,Lipstick,4,697.58,2790.32
T00420,2023-01-29,C1296,Female,39,Home & Kitchen,Bedsheet,4,1434.72,5738.88
T00421,2024-06-02,C1464,Female,33,Home & Kitchen,Cookware Set,1,2889.75,2889.75
T00422,2023-08-03,C1088,Male,65,Home & Kitchen,Table Lamp,3,1338.99,4016.97
T00423,2023-08-11,C1119,Female,54,Electronics,Laptop,3,59160.78,177482.34
T00424,2023-11-05,C1119,Male,37,Clothing,T-Shirt,5,694.97,3474.85
T00425,2024-05-08,C1011,Female,59,Electronics,Tablet,1,23117.44,23117.44
T00426,2023-02-19,C1358,Male,51,Beauty,Face Cream,2,877.38,1754.76
T00427,2024-09-29,C1296,Female,37,Clothing,Jeans,4,1766.77,7067.08
T00428,2024-07-21,C1060,Male,25,Sports,Dumbbells,3,2085.33,6255.99
T00429,2023-04-11,C1282,Male,30,Clothing,Jeans,4,1721.87,6887.48
T00430,2024-04-15,C1278,Male,41,Electronics,Tablet,2,20961.46,41922.92
T00431,2023-07-11,C1486,Male,49,Electronics,Smartphone,3,30570.68,91712.04
T00432,2023-09-04,C1223,Male,40,Home & Kitchen,Cookware Set,3,2382.64,7147.92
T00433,2023-03-30,C1176,Male,51,Beauty,Face Cream,1,958.1,958.1
T00434,2023-09-28,C1463,Female,34,Electronics,Smartphone,3,34425.96,103277.88
T00435,2024-12-31,C1469,Male,57,Electronics,Smartwatch,1,8636.38,8636.38
T00436,2023-07-30,C1444,Female,29,Home & Kitchen,Cookware Set,5,3002.98,15014.9
T00437,2024-12-08,C1187,Male,33,Electronics,Laptop,3,70844.5,212533.5
T00438,2024-08-11,C1188,Female,54,Home & Kitchen,Mixer Grinder,5,3909.38,19546.9
T00439,2024-11-02,C1187,Male,25,Home & Kitchen,Cookware Set,4,3195.0,12780.0
T00440,2024-12-20,C1406,Female,45,Electronics,Tablet,5,20539.04,102695.2
T00441,2024-01-22,C1256,Female,49,Electronics,Smartwatch,1,8685.54,8685.54
T00442,2024-12-02,C1308,Female,48,Sports,Football,4,1220.44,4881.76
T00443,2024-05-01,C1383,Female,38,Clothing,T-Shirt,1,740.64,740.64
T00444,2023-10-03,C1500,Female,59,Clothing,Dress,5,2592.61,12963.05
T00445,2023-09-30,C1408,Female,50,Home & Kitchen,Table Lamp,1,1074.74,1074.74
T00446,2023-11-11,C1474,Male,40,Sports,Cricket Bat,2,2836.38,5672.76
T00447,2023-09-29,C1375,Female,45,Sports,Football,5,1188.5,5942.5
T00448,2024-08-30,C1498,Female,47,Home & Kitchen,Cookware Set,2,2810.85,5621.7
T00449,2024-09-15,C1055,Female,38,Clothing,Shoes,2,2703.64,5407.28
T00450,2023-12-30,C1479,Male,26,Electronics,Laptop,3,67245.02,201735.06
T00451,2023-01-01,C1044,Female,26,Home & Kitchen,Table Lamp,4,1120.25,4481.0
T00452,2023-05-20,C1481,Male,26,Beauty,Lipstick,3,689.3,2067.9
T00453,2023-09-25,C1321,Female,25,Clothing,Shoes,1,3097.49,3097.49
T00454,2023-09-30,C1481,Female,28,Sports,Football,2,1161.15,2322.3
T00455,2024-01-25,C1342,Female,57,Electronics,Smartphone,5,33208.44,166042.2
T00456,2023-08-15,C1371,Female,25,Clothing,Jeans,5,1934.69,9673.45
T00457,2024-10-29,C1273,Female,19,Electronics,Headphones,1,2374.15,2374.15
T00458,2024-08-02,C1214,Female,54,Clothing,Jacket,4,3865.51,15462.04
T00459,2023-10-15,C1465,Male,30,Electronics,Smartphone,1,28034.54,28034.54
T00460,2023-09-09,C1355,Female,63,Electronics,Laptop,4,67392.45,269569.8
T00461,2024-08-31,C1447,Female,35,Electronics,Headphones,4,2320.79,9283.16
T00462,2024-01-02,C1400,Male,61,Beauty,Shampoo,2,507.87,1015.74
T00463,2024-05-24,C1118,Male,51,Home & Kitchen,Water Bottle,5,492.01,2460.05
T00464,2023-06-01,C1005,Female,57,Beauty,Face Cream,1,967.82,967.82
T00465,2023-04-15,C1181,Male,32,Sports,Football,2,1358.95,2717.9
T00466,2023-05-20,C1471,Female,40,Clothing,Dress,2,2662.84,5325.68
T00467,2024-01-13,C1149,Male,19,Clothing,Dress,1,2455.04,2455.04
T00468,2024-04-25,C1372,Male,39,Sports,Yoga Mat,4,989.36,3957.44
T00469,2023-03-11,C1113,Male,32,Electronics,Smartwatch,2,7519.86,15039.72
T00470,2024-10-22,C1476,Female,21,Sports,Football,4,1283.88,5135.52
T00471,2024-12-12,C1203,Male,27,Electronics,Headphones,3,2433.14,7299.42
T00472,2023-08-25,C1358,Male,54,Sports,Running Shoes,5,3518.48,17592.4
T00473,2023-12-26,C1188,Female,65,Electronics,Smartwatch,5,6961.36,34806.8
T00474,2024-12-17,C1379,Female,29,Sports,Football,3,1211.63,3634.89
T00475,2024-11-28,C1469,Male,47,Beauty,Skin Care Kit,5,1972.12,9860.6
T00476,2024-07-05,C1101,Male,18,Sports,Cricket Bat,4,2145.44,8581.76
T00477,2024-02-09,C1335,Male,59,Electronics,Laptop,1,57938.76,57938.76
T00478,2024-06-12,C1090,Male,25,Beauty,Perfume,3,2101.54,6304.62
T00479,2023-06-12,C1366,Female,65,Sports,Running Shoes,1,4401.51,4401.51
T00480,2024-11-05,C1060,Male,48,Beauty,Skin Care Kit,5,1737.69,8688.45
T00481,2023-01-05,C1474,Female,42,Beauty,Skin Care Kit,2,1899.29,3798.58
T00482,2023-09-06,C1014,Male,35,Home & Kitchen,Water Bottle,3,523.46,1570.38
T00483,2024-02-23,C1337,Female,36,Clothing,Shoes,4,2654.72,10618.88
T00484,2024-03-07,C1044,Male,52,Beauty,Lipstick,3,643.61,1930.83
T00485,2023-12-21,C1288,Female,60,Beauty,Skin Care Kit,5,1731.67,8658.35
T00486,2024-04-07,C1239,Male,31,Sports,Dumbbells,5,2220.9,11104.5
T00487,2024-03-04,C1346,Male,33,Electronics,Tablet,3,18892.42,56677.26
T00488,2023-06-20,C1159,Male,20,Clothing,Dress,5,2657.59,13287.95
T00489,2024-01-06,C1103,Female,24,Sports,Yoga Mat,5,990.85,4954.25
T00490,2023-08-18,C1146,Male,52,Sports,Cricket Bat,5,2597.37,12986.85
T00491,2023-06-20,C1382,Female,56,Clothing,Jeans,5,1951.72,9758.6
T00492,2023-04-03,C1407,Male,63,Beauty,Skin Care Kit,5,1534.35,7671.75
T00493,2023-07-21,C1212,Male,49,Clothing,Jeans,2,1664.73,3329.46
T00494,2024-01-23,C1447,Female,60,Electronics,Headphones,3,2746.37,8239.11
T00495,2024-05-18,C1454,Female,22,Clothing,Dress,1,2671.28,2671.28
T00496,2024-05-29,C1393,Female,65,Clothing,Jacket,1,3395.22,3395.22
T00497,2023-09-08,C1233,Male,50,Beauty,Shampoo,4,471.53,1886.12
T00498,2023-09-13,C1215,Male,64,Electronics,Laptop,2,67393.69,134787.38
T00499,2024-08-08,C1206,Male,65,Sports,Yoga Mat,4,800.24,3200.96
T00500,2023-01-25,C1334,Male,47,Sports,Cricket Bat,1,2642.8,2642.8
T00501,2024-06-06,C1085,Male,27,Home & Kitchen,Bedsheet,4,1426.03,5704.12
T00502,2024-07-29,C1258,Male,34,Beauty,Skin Care Kit,5,1694.49,8472.45
T00503,2024-06-13,C1483,Male,28,Clothing,Dress,1,2439.72,2439.72
T00504,2024-05-05,C1431,Female,23,Home & Kitchen,Table Lamp,3,1229.97,3689.91
T00505,2024-10-03,C1474,Female,21,Home & Kitchen,Cookware Set,4,2685.85,10743.4
T00506,2024-07-28,C1488,Female,25,Electronics,Headphones,3,2657.08,7971.24
T00507,2023-09-10,C1465,Female,60,Sports,Dumbbells,4,2140.93,8563.72
T00508,2024-09-21,C1349,Male,43,Home & Kitchen,Water Bottle,5,438.14,2190.7
T00509,2023-03-12,C1493,Male,33,Sports,Dumbbells,5,1925.13,9625.65
T00510,2023-08-16,C1431,Male,46,Home & Kitchen,Water Bottle,4,538.86,2155.44
T00511,2023-01-27,C1311,Female,38,Beauty,Shampoo,3,411.69,1235.07
T00512,2023-08-12,C1272,Male,23,Clothing,Dress,5,2236.94,11184.7
T00513,2024-04-15,C1034,Male,47,Sports,Cricket Bat,5,2745.52,13727.6
T00514,2024-11-22,C1436,Male,46,Sports,Running Shoes,3,4169.81,12509.43
T00515,2023-04-26,C1239,Female,36,Electronics,Tablet,1,20217.96,20217.96
T00516,2024-05-31,C1404,Male,21,Electronics,Laptop,4,68375.3,273501.2
T00517,2024-08-11,C1298,Male,21,Clothing,Jacket,5,3061.12,15305.6
T00518,2024-04-22,C1159,Female,21,Home & Kitchen,Mixer Grinder,2,3504.85,7009.7
T00519,2023-06-30,C1288,Male,48,Sports,Football,1,1202.55,1202.55
T00520,2023-05-24,C1016,Female,19,Electronics,Smartphone,3,29200.71,87602.13
T00521,2023-01-04,C1327,Female,28,Beauty,Skin Care Kit,3,1680.63,5041.89
T00522,2023-12-14,C1480,Female,34,Clothing,Jeans,2,1666.94,3333.88
T00523,2023-04-18,C1019,Male,24,Sports,Yoga Mat,4,975.85,3903.4
T00524,2023-07-14,C1012,Female,60,Home & Kitchen,Cookware Set,3,3202.49,9607.47
T00525,2023-11-12,C1182,Female,19,Home & Kitchen,Bedsheet,2,1675.31,3350.62
T00526,2023-12-27,C1374,Female,27,Clothing,Dress,4,2701.44,10805.76
T00527,2024-04-12,C1242,Female,62,Clothing,Jeans,5,1881.23,9406.15
T00528,2024-08-23,C1322,Male,51,Clothing,Jacket,3,3745.86,11237.58
T00529,2024-05-19,C1226,Female,26,Electronics,Tablet,1,21771.22,21771.22
T00530,2024-01-21,C1159,Male,53,Sports,Dumbbells,4,2383.12,9532.48
T00531,2023-12-06,C1125,Female,29,Home & Kitchen,Mixer Grinder,2,3027.94,6055.88
T00532,2024-11-04,C1128,Female,54,Sports,Running Shoes,2,4056.04,8112.08
T00533,2024-02-24,C1022,Female,23,Sports,Cricket Bat,4,2238.02,8952.08
T00534,2023-06-13,C1148,Female,49,Beauty,Skin Care Kit,4,1856.96,7427.84
T00535,2024-11-29,C1453,Male,62,Home & Kitchen,Cookware Set,3,2593.05,7779.15
T00536,2024-12-18,C1198,Male,31,Sports,Dumbbells,5,2288.25,11441.25
T00537,2024-07-11,C1288,Male,31,Home & Kitchen,Water Bottle,1,524.76,524.76
T00538,2023-04-19,C1283,Female,64,Electronics,Tablet,1,24188.02,24188.02
T00539,2023-10-14,C1355,Male,60,Clothing,Dress,3,2349.09,7047.27
T00540,2023-09-08,C1212,Female,40,Electronics,Laptop,4,60212.39,240849.56
T00541,2024-08-29,C1278,Female,23,Sports,Football,5,1205.21,6026.05
T00542,2023-09-04,C1129,Male,44,Beauty,Face Cream,5,1031.99,5159.95
T00543,2024-07-19,C1344,Female,28,Electronics,Tablet,4,19337.86,77351.44
T00544,2024-07-11,C1451,Female,33,Beauty,Lipstick,5,613.41,3067.05
T00545,2023-11-22,C1008,Male,18,Beauty,Perfume,2,2184.46,4368.92
T00546,2023-12-30,C1204,Female,52,Clothing,Shoes,3,2878.2,8634.6
T00547,2023-04-12,C1475,Female,56,Electronics,Tablet,5,20394.51,101972.55
T00548,2023-04-21,C1437,Male,39,Beauty,Skin Care Kit,3,1630.79,4892.37
T00549,2024-09-18,C1026,Female,25,Beauty,Skin Care Kit,3,1635.97,4907.91
T00550,2024-07-04,C1435,Female,37,Home & Kitchen,Bedsheet,5,1518.62,7593.1
T00551,2024-09-01,C1427,Female,44,Beauty,Shampoo,3,468.6,1405.8
T00552,2023-08-20,C1328,Male,59,Sports,Football,4,1130.8,4523.2
T00553,2023-11-13,C1324,Female,24,Beauty,Lipstick,4,748.35,2993.4
T00554,2024-07-16,C1117,Male,63,Beauty,Perfume,4,2333.15,9332.6
T00555,2023-04-28,C1054,Female,30,Sports,Running Shoes,5,3778.93,18894.65
T00556,2023-01-07,C1366,Female,28,Clothing,T-Shirt,4,842.16,3368.64
T00557,2024-05-12,C1028,Male,58,Electronics,Smartphone,3,28830.22,86490.66
T00558,2023-06-13,C1270,Male,46,Electronics,Headphones,1,2408.38,2408.38
T00559,2024-05-14,C1093,Male,33,Home & Kitchen,Bedsheet,4,1723.99,6895.96
T00560,2023-06-30,C1064,Female,59,Beauty,Skin Care Kit,1,1754.01,1754.01
T00561,2024-06-02,C1278,Male,40,Home & Kitchen,Water Bottle,2,434.22,868.44
T00562,2024-01-26,C1496,Male,27,Electronics,Laptop,2,59103.96,118207.92
T00563,2023-07-07,C1418,Male,50,Electronics,Smartwatch,2,7763.51,15527.02
T00564,2023-03-12,C1478,Male,43,Electronics,Tablet,1,22791.79,22791.79
T00565,2023-10-19,C1434,Male,25,Clothing,Jeans,1,1583.24,1583.24
T00566,2024-10-19,C1156,Female,49,Beauty,Shampoo,3,474.08,1422.24
T00567,2023-01-31,C1260,Female,64,Clothing,Dress,5,2232.6,11163.0
T00568,2023-02-08,C1489,Female,63,Clothing,Shoes,1,3021.3,3021.3
T00569,2024-06-13,C1090,Female,29,Sports,Dumbbells,3,2392.33,7176.99
T00570,2024-01-25,C1070,Female,43,Clothing,Shoes,5,2661.91,13309.55
T00571,2024-06-25,C1249,Female,48,Beauty,Shampoo,3,452.2,1356.6
T00572,2023-06-04,C1423,Female,29,Home & Kitchen,Cookware Set,1,2505.28,2505.28
T00573,2024-12-02,C1117,Male,46,Clothing,T-Shirt,5,683.1,3415.5
T00574,2023-09-16,C1135,Male,61,Beauty,Face Cream,4,771.51,3086.04
T00575,2023-12-30,C1443,Female,54,Sports,Football,2,1157.96,2315.92
T00576,2023-04-08,C1093,Male,35,Sports,Cricket Bat,3,2744.76,8234.28
T00577,2023-07-04,C1085,Female,59,Electronics,Smartphone,4,33918.4,135673.6
T00578,2024-10-23,C1416,Male,26,Sports,Football,4,1169.44,4677.76
T00579,2023-09-08,C1295,Female,49,Clothing,Shoes,5,3237.32,16186.6
T00580,2023-12-14,C1029,Male,20,Clothing,Jeans,5,1536.66,7683.3
T00581,2023-03-08,C1392,Female,30,Clothing,Jacket,4,3392.68,13570.72
T00582,2023-05-16,C1343,Male,38,Sports,Cricket Bat,4,2480.83,9923.32
T00583,2023-11-23,C1015,Female,31,Clothing,Shoes,3,3340.23,10020.69
T00584,2023-09-23,C1491,Male,54,Clothing,Jeans,1,2017.49,2017.49
T00585,2024-10-27,C1494,Male,42,Beauty,Perfume,1,2488.37,2488.37
T00586,2024-03-02,C1025,Female,60,Electronics,Laptop,4,62233.72,248934.88
T00587,2024-03-19,C1319,Male,45,Electronics,Smartphone,5,26320.27,131601.35
T00588,2023-05-17,C1232,Female,44,Electronics,Laptop,4,67765.48,271061.92
T00589,2023-11-19,C1410,Female,63,Electronics,Tablet,4,20913.45,83653.8
T00590,2024-01-02,C1338,Male,37,Electronics,Smartwatch,5,7206.81,36034.05
T00591,2024-05-09,C1461,Female,64,Electronics,Smartphone,2,30422.36,60844.72
T00592,2023-11-05,C1026,Female,36,Beauty,Face Cream,1,939.81,939.81
T00593,2024-12-26,C1151,Male,18,Electronics,Smartwatch,4,7975.69,31902.76
T00594,2024-11-29,C1289,Male,45,Clothing,Jacket,2,3825.99,7651.98
T00595,2024-09-01,C1127,Female,54,Sports,Football,4,1309.5,5238.0
T00596,2024-02-23,C1444,Male,39,Clothing,Jacket,5,3624.54,18122.7
T00597,2023-03-26,C1409,Female,39,Beauty,Skin Care Kit,4,1924.29,7697.16
T00598,2023-12-18,C1158,Female,40,Electronics,Laptop,1,62160.36,62160.36
T00599,2023-11-09,C1103,Male,32,Electronics,Smartwatch,3,7639.65,22918.95
T00600,2024-11-10,C1435,Female,41,Electronics,Headphones,5,2293.45,11467.25
T00601,2024-10-10,C1245,Male,44,Electronics,Smartphone,2,25889.84,51779.68
T00602,2024-08-11,C1177,Female,43,Clothing,Shoes,1,3266.62,3266.62
T00603,2024-06-20,C1058,Female,45,Electronics,Tablet,5,24718.93,123594.65
T00604,2023-03-16,C1142,Male,55,Electronics,Smartphone,1,29966.15,29966.15
T00605,2024-06-14,C1146,Male,52,Electronics,Smartphone,3,27069.68,81209.04
T00606,2023-01-01,C1484,Male,62,Clothing,T-Shirt,4,777.77,3111.08
T00607,2023-08-09,C1403,Female,60,Electronics,Laptop,5,64893.16,324465.8
T00608,2024-04-25,C1418,Female,26,Clothing,Jacket,1,3762.35,3762.35
T00609,2024-09-25,C1070,Female,62,Beauty,Shampoo,2,423.87,847.74
T00610,2023-10-01,C1444,Female,59,Home & Kitchen,Mixer Grinder,3,3067.18,9201.54
T00611,2023-06-17,C1009,Male,32,Electronics,Tablet,5,24058.32,120291.6
T00612,2024-09-02,C1377,Male,34,Home & Kitchen,Table Lamp,1,1125.67,1125.67
T00613,2024-09-14,C1258,Female,37,Beauty,Shampoo,5,444.4,2222.0
T00614,2023-04-05,C1105,Female,62,Electronics,Smartwatch,5,6845.47,34227.35
T00615,2024-05-23,C1298,Male,28,Sports,Football,1,1069.55,1069.55
T00616,2024-05-22,C1073,Male,29,Sports,Running Shoes,4,4000.07,16000.28
T00617,2024-05-01,C1341,Female,40,Electronics,Tablet,2,23191.16,46382.32
T00618,2024-03-09,C1276,Female,48,Clothing,Shoes,2,3253.7,6507.4
T00619,2023-04-16,C1375,Female,42,Home & Kitchen,Water Bottle,1,452.37,452.37
T00620,2023-07-11,C1325,Female,28,Home & Kitchen,Bedsheet,2,1341.25,2682.5
T00621,2024-01-19,C1216,Female,64,Electronics,Headphones,3,2130.11,6390.33
T00622,2023-07-02,C1270,Female,61,Electronics,Laptop,4,70753.63,283014.52
T00623,2023-11-01,C1473,Male,24,Clothing,T-Shirt,3,909.51,2728.53
T00624,2024-12-03,C1173,Female,36,Clothing,Jacket,2,3307.79,6615.58
T00625,2023-08-03,C1134,Male,53,Beauty,Skin Care Kit,3,1953.95,5861.85
T00626,2024-06-21,C1383,Female,63,Clothing,Shoes,1,2598.4,2598.4
T00627,2023-03-19,C1435,Female,28,Clothing,Jacket,2,3041.87,6083.74
T00628,2023-11-24,C1179,Female,56,Home & Kitchen,Cookware Set,5,2953.43,14767.15
T00629,2023-07-10,C1200,Female,62,Electronics,Tablet,3,24001.42,72004.26
T00630,2023-10-10,C1001,Male,62,Clothing,Dress,3,2779.78,8339.34
T00631,2024-11-20,C1063,Female,28,Home & Kitchen,Bedsheet,4,1362.54,5450.16
T00632,2024-01-24,C1048,Male,34,Sports,Dumbbells,5,2207.34,11036.7
T00633,2024-03-22,C1368,Female,52,Beauty,Lipstick,4,791.11,3164.44
T00634,2024-09-19,C1151,Male,34,Beauty,Skin Care Kit,5,1726.01,8630.05
T00635,2023-01-27,C1271,Male,32,Electronics,Smartphone,2,28256.71,56513.42
T00636,2024-07-12,C1461,Male,32,Clothing,Jeans,4,1655.86,6623.44
T00637,2023-09-13,C1222,Female,49,Beauty,Perfume,2,2381.83,4763.66
T00638,2023-08-24,C1334,Male,51,Electronics,Tablet,1,20162.01,20162.01
T00639,2024-12-04,C1253,Female,24,Clothing,T-Shirt,5,804.93,4024.65
T00640,2024-08-23,C1056,Male,34,Clothing,T-Shirt,3,739.99,2219.97
T00641,2023-11-02,C1122,Male,39,Electronics,Smartwatch,4,7813.26,31253.04
T00642,2024-04-26,C1350,Female,19,Clothing,T-Shirt,3,789.93,2369.79
T00643,2024-09-08,C1165,Male,37,Electronics,Laptop,1,63737.61,63737.61
T00644,2024-09-03,C1342,Male,19,Clothing,T-Shirt,5,886.9,4434.5
T00645,2023-11-23,C1449,Female,63,Electronics,Smartphone,5,26583.27,132916.35
T00646,2023-10-10,C1171,Male,21,Sports,Yoga Mat,1,797.17,797.17
T00647,2024-11-30,C1070,Female,58,Beauty,Lipstick,1,745.93,745.93
T00648,2024-11-24,C1461,Male,30,Beauty,Face Cream,2,816.27,1632.54
T00649,2024-10-19,C1407,Female,59,Home & Kitchen,Mixer Grinder,5,3695.84,18479.2
T00650,2023-09-05,C1146,Female,21,Clothing,Jacket,2,3536.72,7073.44
T00651,2023-12-29,C1285,Male,63,Electronics,Smartphone,2,30345.55,60691.1
T00652,2024-03-10,C1184,Male,64,Beauty,Skin Care Kit,2,1716.61,3433.22
T00653,2024-11-24,C1241,Female,55,Beauty,Lipstick,4,768.78,3075.12
T00654,2024-06-17,C1459,Male,52,Home & Kitchen,Mixer Grinder,3,3424.56,10273.68
T00655,2024-06-26,C1158,Male,59,Clothing,Dress,5,2678.06,13390.3
T00656,2023-07-26,C1110,Female,31,Electronics,Smartphone,2,28182.6,56365.2
T00657,2024-04-21,C1198,Female,51,Clothing,Jacket,3,3317.6,9952.8
T00658,2024-06-11,C1492,Female,44,Clothing,Shoes,1,3409.9,3409.9
T00659,2023-03-06,C1100,Female,43,Beauty,Lipstick,5,696.4,3482.0
T00660,2024-11-23,C1327,Female,40,Beauty,Face Cream,3,768.88,2306.64
T00661,2023-01-16,C1327,Female,21,Clothing,Dress,2,2407.79,4815.58
T00662,2023-05-30,C1288,Female,34,Sports,Football,2,1080.32,2160.64
T00663,2023-07-17,C1211,Female,64,Beauty,Perfume,4,2307.82,9231.28
T00664,2024-01-26,C1335,Male,40,Electronics,Smartphone,5,27173.65,135868.25
T00665,2024-07-20,C1192,Female,32,Electronics,Tablet,3,21025.36,63076.08
T00666,2024-08-31,C1336,Female,19,Electronics,Headphones,1,2654.47,2654.47
T00667,2024-06-29,C1097,Male,20,Electronics,Smartwatch,2,8643.13,17286.26
T00668,2023-10-14,C1082,Female,20,Electronics,Laptop,1,73144.12,73144.12
T00669,2024-06-01,C1103,Female,31,Electronics,Headphones,1,2376.09,2376.09
T00670,2023-07-28,C1097,Female,53,Clothing,Jeans,2,1852.09,3704.18
T00671,2024-12-16,C1056,Female,59,Electronics,Smartphone,3,27637.35,82912.05
T00672,2024-03-17,C1130,Male,63,Sports,Yoga Mat,3,957.42,2872.26
T00673,2024-03-19,C1278,Male,32,Electronics,Tablet,2,24532.31,49064.62
T00674,2024-03-02,C1117,Female,42,Beauty,Face Cream,1,995.49,995.49
T00675,2024-10-18,C1216,Male,63,Clothing,T-Shirt,5,810.92,4054.6
T00676,2023-12-03,C1273,Male,41,Sports,Running Shoes,1,3407.26,3407.26
T00677,2023-12-07,C1149,Female,57,Electronics,Smartwatch,2,9118.0,18236.0
T00678,2024-07-07,C1496,Female,62,Clothing,Jeans,5,1829.16,9145.8
T00679,2024-03-08,C1157,Male,34,Sports,Dumbbells,5,2265.59,11327.95
T00680,2023-09-22,C1205,Female,64,Sports,Dumbbells,2,2201.33,4402.66
T00681,2024-06-21,C1217,Male,36,Home & Kitchen,Bedsheet,4,1377.14,5508.56
T00682,2023-05-11,C1450,Female,35,Clothing,Jeans,2,1671.35,3342.7
T00683,2023-06-26,C1184,Female,61,Electronics,Laptop,2,66044.39,132088.78
T00684,2023-11-04,C1356,Male,43,Beauty,Lipstick,3,762.22,2286.66
T00685,2023-09-23,C1118,Male,18,Sports,Running Shoes,4,4366.12,17464.48
T00686,2023-12-02,C1071,Female,23,Beauty,Face Cream,5,890.34,4451.7
T00687,2024-06-21,C1121,Male,31,Beauty,Perfume,3,1944.48,5833.44
T00688,2024-04-03,C1002,Female,21,Clothing,Shoes,4,2744.43,10977.72
T00689,2024-08-12,C1216,Female,61,Home & Kitchen,Water Bottle,1,559.69,559.69
T00690,2024-07-31,C1234,Male,45,Electronics,Smartphone,4,26611.05,106444.2
T00691,2024-08-18,C1276,Female,65,Clothing,T-Shirt,5,839.19,4195.95
T00692,2024-09-03,C1078,Female,57,Clothing,Jacket,3,3491.98,10475.94
T00693,2023-07-11,C1356,Male,63,Beauty,Lipstick,2,791.71,1583.42
T00694,2023-03-12,C1480,Male,47,Electronics,Smartphone,4,33078.96,132315.84
T00695,2024-10-08,C1443,Male,60,Electronics,Headphones,4,2777.24,11108.96
T00696,2024-06-18,C1181,Male,20,Beauty,Skin Care Kit,3,1678.02,5034.06
T00697,2023-06-03,C1405,Male,46,Clothing,Shoes,1,3121.79,3121.79
T00698,2024-06-30,C1119,Female,25,Beauty,Skin Care Kit,1,1832.26,1832.26
T00699,2024-06-05,C1122,Female,63,Electronics,Smartphone,4,27235.84,108943.36
T00700,2024-05-30,C1426,Female,48,Clothing,T-Shirt,1,870.05,870.05
T00701,2023-07-16,C1019,Female,39,Beauty,Skin Care Kit,2,1735.06,3470.12
T00702,2024-09-28,C1307,Male,51,Electronics,Smartphone,4,32359.91,129439.64
T00703,2024-10-12,C1124,Male,26,Clothing,Jacket,1,3607.59,3607.59
T00704,2024-04-21,C1362,Male,37,Electronics,Smartwatch,4,7274.13,29096.52
T00705,2023-08-24,C1306,Female,38,Electronics,Tablet,5,23044.83,115224.15
T00706,2024-12-01,C1044,Female,55,Sports,Dumbbells,1,2086.4,2086.4
T00707,2023-08-30,C1294,Female,23,Clothing,Dress,2,2815.4,5630.8
T00708,2023-02-26,C1382,Female,38,Home & Kitchen,Bedsheet,2,1577.74,3155.48
T00709,2023-12-18,C1460,Male,45,Clothing,T-Shirt,3,867.92,2603.76
T00710,2023-01-25,C1331,Male,59,Home & Kitchen,Cookware Set,3,2594.5,7783.5
T00711,2024-07-29,C1455,Male,40,Home & Kitchen,Cookware Set,1,2424.3,2424.3
T00712,2023-08-14,C1084,Male,64,Beauty,Perfume,5,2035.59,10177.95
T00713,2023-03-29,C1072,Male,35,Clothing,Jacket,3,3581.49,10744.47
T00714,2023-05-19,C1194,Female,40,Clothing,Shoes,4,2758.22,11032.88
T00715,2024-08-23,C1324,Male,64,Clothing,Jeans,2,1997.14,3994.28
T00716,2023-10-06,C1251,Female,47,Sports,Cricket Bat,3,2638.88,7916.64
T00717,2023-04-22,C1005,Male,25,Home & Kitchen,Mixer Grinder,4,3945.87,15783.48
T00718,2024-11-28,C1250,Female,20,Sports,Cricket Bat,5,2363.04,11815.2
T00719,2024-04-29,C1470,Female,45,Electronics,Tablet,2,18805.79,37611.58
T00720,2023-03-29,C1204,Female,24,Home & Kitchen,Water Bottle,2,426.58,853.16
T00721,2024-04-03,C1330,Female,54,Sports,Dumbbells,1,2138.23,2138.23
T00722,2023-12-28,C1248,Male,63,Electronics,Tablet,5,20492.23,102461.15
T00723,2024-12-10,C1065,Male,65,Electronics,Tablet,3,20686.38,62059.14
T00724,2024-05-10,C1237,Female,54,Home & Kitchen,Water Bottle,3,529.37,1588.11
T00725,2024-09-26,C1144,Male,57,Beauty,Skin Care Kit,1,2061.71,2061.71
T00726,2024-02-13,C1300,Male,48,Home & Kitchen,Table Lamp,4,1321.9,5287.6
T00727,2024-06-04,C1012,Male,65,Electronics,Tablet,2,24089.92,48179.84
T00728,2023-08-14,C1333,Male,52,Home & Kitchen,Table Lamp,4,1159.67,4638.68
T00729,2024-02-26,C1324,Male,31,Electronics,Smartphone,5,31589.56,157947.8
T00730,2023-11-03,C1074,Female,58,Electronics,Smartwatch,1,7316.37,7316.37
T00731,2024-08-17,C1182,Male,32,Electronics,Headphones,1,2301.69,2301.69
T00732,2023-10-08,C1215,Female,21,Home & Kitchen,Bedsheet,2,1412.02,2824.04
T00733,2023-11-05,C1146,Female,20,Beauty,Shampoo,2,490.75,981.5
T00734,2024-02-29,C1255,Female,51,Beauty,Lipstick,3,708.94,2126.82
T00735,2024-09-19,C1069,Female,59,Clothing,Shoes,2,3218.13,6436.26
T00736,2024-01-03,C1251,Male,49,Sports,Cricket Bat,2,2402.02,4804.04
T00737,2024-03-21,C1294,Male,56,Clothing,Jacket,3,3581.08,10743.24
T00738,2024-07-14,C1472,Female,21,Home & Kitchen,Water Bottle,1,467.35,467.35
T00739,2024-04-18,C1080,Male,41,Clothing,Jacket,3,3502.04,10506.12
T00740,2024-04-22,C1492,Female,21,Clothing,T-Shirt,5,887.45,4437.25
T00741,2024-05-17,C1124,Female,39,Clothing,Dress,3,2647.87,7943.61
T00742,2024-02-19,C1186,Female,21,Clothing,T-Shirt,4,811.93,3247.72
T00743,2023-05-25,C1498,Male,45,Home & Kitchen,Table Lamp,4,1039.66,4158.64
T00744,2023-03-03,C1420,Male,62,Beauty,Skin Care Kit,5,1881.45,9407.25
T00745,2024-03-03,C1117,Male,62,Electronics,Tablet,4,23848.32,95393.28
T00746,2023-02-11,C1297,Male,22,Sports,Dumbbells,3,2490.35,7471.05
T00747,2024-03-19,C1128,Female,27,Clothing,Shoes,5,2955.21,14776.05
T00748,2023-03-19,C1085,Female,45,Beauty,Lipstick,5,615.31,3076.55
T00749,2024-07-27,C1479,Male,22,Sports,Running Shoes,1,3426.22,3426.22
T00750,2024-04-28,C1306,Male,60,Beauty,Shampoo,5,508.84,2544.2
T00751,2024-07-08,C1433,Female,50,Electronics,Laptop,5,70106.85,350534.25
T00752,2023-03-12,C1442,Female,48,Sports,Dumbbells,2,2035.58,4071.16
T00753,2024-01-07,C1404,Female,33,Beauty,Lipstick,5,793.53,3967.65
T00754,2024-12-10,C1057,Female,38,Clothing,T-Shirt,4,743.05,2972.2
T00755,2024-03-01,C1277,Female,18,Electronics,Smartwatch,3,7771.92,23315.76
T00756,2023-02-24,C1468,Male,42,Home & Kitchen,Bedsheet,1,1476.4,1476.4
T00757,2024-01-03,C1471,Male,38,Beauty,Shampoo,4,394.24,1576.96
T00758,2024-05-23,C1322,Female,40,Beauty,Lipstick,5,714.88,3574.4
T00759,2023-11-25,C1017,Female,59,Sports,Football,3,1264.69,3794.07
T00760,2024-02-27,C1466,Female,53,Home & Kitchen,Bedsheet,2,1477.47,2954.94
T00761,2024-03-04,C1388,Male,56,Electronics,Smartwatch,3,7368.12,22104.36
T00762,2023-07-15,C1307,Female,21,Clothing,T-Shirt,5,693.86,3469.3
T00763,2024-06-12,C1286,Female,36,Electronics,Smartwatch,2,7017.34,14034.68
T00764,2023-09-09,C1265,Male,18,Home & Kitchen,Bedsheet,3,1281.15,3843.45
T00765,2023-12-31,C1076,Female,39,Electronics,Tablet,4,23940.5,95762.0
T00766,2023-02-16,C1379,Female,62,Beauty,Shampoo,1,407.81,407.81
T00767,2023-01-27,C1220,Female,65,Home & Kitchen,Bedsheet,4,1505.79,6023.16
T00768,2024-08-06,C1310,Male,46,Sports,Cricket Bat,3,2229.59,6688.77
T00769,2024-01-28,C1201,Male,55,Clothing,Jeans,4,1579.92,6319.68
T00770,2023-01-04,C1167,Male,31,Home & Kitchen,Bedsheet,3,1522.66,4567.98
T00771,2023-05-30,C1159,Female,19,Electronics,Tablet,1,24567.48,24567.48
T00772,2023-08-05,C1001,Female,21,Home & Kitchen,Water Bottle,5,432.75,2163.75
T00773,2023-12-24,C1380,Male,61,Electronics,Laptop,4,73746.15,294984.6
T00774,2023-05-02,C1017,Female,32,Clothing,Dress,2,2709.52,5419.04
T00775,2024-12-10,C1498,Female,56,Home & Kitchen,Water Bottle,1,532.4,532.4
T00776,2023-03-19,C1326,Female,51,Electronics,Smartwatch,2,7467.84,14935.68
T00777,2023-03-15,C1051,Female,20,Electronics,Smartphone,5,29642.96,148214.8
T00778,2023-09-26,C1376,Male,65,Home & Kitchen,Bedsheet,5,1364.59,6822.95
T00779,2024-10-07,C1211,Male,41,Home & Kitchen,Cookware Set,4,2455.24,9820.96
T00780,2024-06-19,C1486,Male,30,Beauty,Skin Care Kit,2,1533.99,3067.98
T00781,2023-06-17,C1176,Male,21,Home & Kitchen,Water Bottle,3,487.75,1463.25
T00782,2023-05-21,C1155,Female,30,Beauty,Lipstick,4,685.77,2743.08
T00783,2024-08-11,C1180,Female,52,Clothing,T-Shirt,4,755.08,3020.32
T00784,2023-04-17,C1439,Male,43,Clothing,Jeans,4,1625.05,6500.2
T00785,2023-03-25,C1103,Female,29,Electronics,Headphones,3,2737.07,8211.21
T00786,2023-04-30,C1458,Female,62,Sports,Running Shoes,1,3525.3,3525.3
T00787,2024-06-30,C1259,Female,33,Beauty,Perfume,1,2366.19,2366.19
T00788,2023-04-26,C1162,Male,24,Clothing,Shoes,2,3071.38,6142.76
T00789,2024-03-22,C1416,Male,62,Clothing,Jacket,3,3446.73,10340.19
T00790,2024-12-11,C1039,Male,33,Sports,Dumbbells,1,1904.8,1904.8
T00791,2023-03-11,C1166,Male,40,Electronics,Laptop,5,72170.19,360850.95
T00792,2023-02-18,C1052,Female,46,Beauty,Face Cream,4,795.77,3183.08
T00793,2024-01-09,C1373,Female,56,Beauty,Perfume,2,2218.95,4437.9
T00794,2024-09-26,C1176,Male,27,Beauty,Skin Care Kit,3,1688.03,5064.09
T00795,2023-06-12,C1098,Male,33,Electronics,Tablet,2,20154.16,40308.32
T00796,2024-01-10,C1092,Male,58,Sports,Dumbbells,2,2218.6,4437.2
T00797,2024-05-07,C1411,Male,44,Sports,Running Shoes,5,4290.76,21453.8
T00798,2024-07-18,C1399,Male,55,Beauty,Face Cream,2,1007.84,2015.68
T00799,2023-06-28,C1039,Female,46,Home & Kitchen,Cookware Set,3,2998.17,8994.51
T00800,2023-04-07,C1358,Female,46,Sports,Dumbbells,3,2390.8,7172.4
T00801,2023-04-12,C1046,Male,38,Home & Kitchen,Cookware Set,3,2989.27,8967.81
T00802,2024-12-05,C1447,Female,64,Electronics,Smartphone,3,26326.0,78978.0
T00803,2023-02-12,C1486,Female,56,Beauty,Lipstick,3,731.54,2194.62
T00804,2024-05-06,C1448,Female,19,Beauty,Shampoo,3,411.21,1233.63
T00805,2023-07-08,C1415,Male,51,Clothing,Jeans,5,1993.5,9967.5
T00806,2024-11-19,C1387,Male,38,Home & Kitchen,Cookware Set,2,2641.79,5283.58
T00807,2023-08-18,C1255,Female,38,Sports,Cricket Bat,5,2391.46,11957.3
T00808,2023-09-14,C1144,Female,32,Sports,Dumbbells,2,2078.34,4156.68
T00809,2023-07-27,C1311,Female,48,Clothing,Shoes,3,3332.73,9998.19
T00810,2024-11-28,C1318,Female,44,Electronics,Headphones,5,2777.01,13885.05
T00811,2023-07-18,C1320,Male,25,Sports,Football,1,1335.76,1335.76
T00812,2023-09-21,C1058,Female,38,Home & Kitchen,Table Lamp,3,1247.18,3741.54
T00813,2024-10-27,C1394,Male,26,Electronics,Smartphone,1,30243.45,30243.45
T00814,2024-02-11,C1425,Male,54,Sports,Running Shoes,4,3625.88,14503.52
T00815,2023-08-13,C1073,Female,48,Sports,Running Shoes,4,3531.39,14125.56
T00816,2023-08-08,C1328,Male,43,Beauty,Perfume,3,2050.98,6152.94
T00817,2023-10-10,C1058,Male,59,Beauty,Skin Care Kit,5,2012.28,10061.4
T00818,2024-03-01,C1436,Female,44,Clothing,Jeans,1,1939.99,1939.99
T00819,2024-05-20,C1082,Female,23,Electronics,Laptop,5,71100.59,355502.95
T00820,2024-01-03,C1212,Female,37,Clothing,Jeans,4,1893.33,7573.32
T00821,2024-04-22,C1105,Male,18,Home & Kitchen,Mixer Grinder,1,3304.87,3304.87
T00822,2024-03-24,C1024,Male,61,Electronics,Headphones,3,2288.3,6864.9
T00823,2023-01-16,C1059,Female,53,Clothing,Jeans,3,2057.09,6171.27
T00824,2024-12-05,C1335,Female,33,Clothing,T-Shirt,3,735.89,2207.67
T00825,2024-01-29,C1075,Male,22,Beauty,Face Cream,3,1011.14,3033.42
T00826,2023-11-11,C1039,Male,59,Sports,Cricket Bat,2,2346.11,4692.22
T00827,2023-06-25,C1079,Male,43,Clothing,Jacket,4,3253.97,13015.88
T00828,2024-05-12,C1117,Female,49,Clothing,Jeans,1,1861.39,1861.39
T00829,2023-11-06,C1036,Male,52,Home & Kitchen,Water Bottle,4,503.13,2012.52
T00830,2024-10-01,C1307,Female,36,Clothing,T-Shirt,1,803.55,803.55
T00831,2023-10-19,C1180,Male,53,Electronics,Headphones,5,2272.89,11364.45
T00832,2023-03-07,C1021,Male,58,Clothing,Shoes,2,2868.66,5737.32
T00833,2024-08-24,C1085,Male,56,Electronics,Tablet,4,22849.64,91398.56
T00834,2024-07-14,C1101,Male,26,Electronics,Laptop,4,66355.2,265420.8
T00835,2023-04-09,C1442,Female,31,Clothing,Jeans,4,1533.69,6134.76
T00836,2023-08-17,C1082,Female,58,Clothing,Jeans,3,1961.22,5883.66
T00837,2024-01-24,C1337,Male,31,Sports,Dumbbells,4,2192.9,8771.6
T00838,2023-12-28,C1137,Male,60,Clothing,Jeans,2,1772.61,3545.22
T00839,2024-11-27,C1029,Male,35,Beauty,Perfume,1,2182.89,2182.89
T00840,2024-11-12,C1157,Male,32,Beauty,Skin Care Kit,2,1919.37,3838.74
T00841,2023-03-16,C1270,Female,61,Electronics,Smartwatch,4,8304.21,33216.84
T00842,2024-03-04,C1362,Male,59,Beauty,Lipstick,3,777.4,2332.2
T00843,2024-04-05,C1196,Female,65,Electronics,Smartphone,2,27926.67,55853.34
T00844,2023-08-24,C1389,Female,25,Sports,Yoga Mat,4,828.94,3315.76
T00845,2024-08-01,C1030,Female,49,Electronics,Smartwatch,5,9114.45,45572.25
T00846,2024-01-21,C1062,Male,43,Clothing,Jeans,4,1952.13,7808.52
T00847,2024-11-05,C1311,Female,30,Electronics,Headphones,4,2437.12,9748.48
T00848,2023-01-31,C1492,Female,58,Sports,Yoga Mat,2,783.92,1567.84
T00849,2023-11-26,C1256,Male,22,Beauty,Face Cream,2,847.59,1695.18
T00850,2024-03-29,C1374,Male,47,Beauty,Lipstick,1,753.1,753.1
T00851,2023-07-07,C1186,Male,41,Electronics,Headphones,5,2150.8,10754.0
T00852,2023-12-20,C1474,Female,53,Home & Kitchen,Mixer Grinder,2,3829.29,7658.58
T00853,2024-11-23,C1187,Female,63,Electronics,Smartphone,5,31140.93,155704.65
T00854,2023-11-25,C1115,Female,47,Sports,Cricket Bat,3,2677.03,8031.09
T00855,2023-11-24,C1211,Female,28,Electronics,Tablet,1,23084.64,23084.64
T00856,2024-11-12,C1413,Female,36,Electronics,Headphones,2,2451.47,4902.94
T00857,2024-01-02,C1016,Female,54,Electronics,Tablet,1,19660.41,19660.41
T00858,2024-11-19,C1282,Female,59,Clothing,Jeans,4,1719.93,6879.72
T00859,2023-01-18,C1242,Male,60,Beauty,Skin Care Kit,5,1545.75,7728.75
T00860,2024-11-18,C1449,Female,56,Electronics,Smartwatch,2,7660.98,15321.96
T00861,2023-04-16,C1216,Female,63,Home & Kitchen,Mixer Grinder,2,3937.59,7875.18
T00862,2024-03-21,C1413,Male,45,Clothing,Jeans,3,1918.42,5755.26
T00863,2024-07-16,C1151,Female,52,Beauty,Face Cream,2,908.92,1817.84
T00864,2024-11-25,C1251,Male,58,Clothing,Jeans,1,1866.4,1866.4
T00865,2023-07-05,C1034,Female,30,Clothing,T-Shirt,4,777.52,3110.08
T00866,2024-12-04,C1497,Male,23,Beauty,Lipstick,3,612.68,1838.04
T00867,2023-05-13,C1323,Male,26,Electronics,Headphones,3,2447.38,7342.14
T00868,2024-08-26,C1063,Female,22,Electronics,Headphones,1,2663.17,2663.17
T00869,2023-06-22,C1208,Male,58,Sports,Running Shoes,2,3520.55,7041.1
T00870,2024-05-10,C1143,Female,63,Sports,Football,4,1378.56,5514.24
T00871,2023-07-11,C1160,Female,33,Clothing,Dress,2,2818.8,5637.6
T00872,2023-08-20,C1282,Female,19,Clothing,Jacket,2,3257.3,6514.6
T00873,2024-03-12,C1323,Male,42,Beauty,Skin Care Kit,3,1881.06,5643.18
T00874,2024-02-09,C1283,Male,40,Clothing,Jeans,2,1729.11,3458.22
T00875,2024-03-04,C1017,Female,61,Electronics,Smartphone,3,29158.16,87474.48
T00876,2023-09-05,C1302,Female,29,Electronics,Headphones,2,2827.37,5654.74
T00877,2024-12-28,C1415,Male,22,Home & Kitchen,Table Lamp,1,1358.72,1358.72
T00878,2024-01-12,C1130,Female,48,Beauty,Perfume,5,2518.69,12593.45
T00879,2023-02-27,C1389,Female,56,Electronics,Laptop,3,73429.2,220287.6
T00880,2023-02-07,C1148,Female,37,Electronics,Tablet,5,24661.06,123305.3
T00881,2024-11-11,C1323,Male,49,Electronics,Smartphone,1,30028.98,30028.98
T00882,2024-07-13,C1409,Male,30,Beauty,Perfume,1,1983.77,1983.77
T00883,2023-07-24,C1185,Male,47,Electronics,Laptop,3,67789.69,203369.07
T00884,2023-04-14,C1246,Male,48,Electronics,Headphones,4,2859.21,11436.84
T00885,2023-11-28,C1205,Male,33,Home & Kitchen,Mixer Grinder,2,3677.73,7355.46
T00886,2024-12-28,C1368,Female,63,Electronics,Smartwatch,2,8854.77,17709.54
T00887,2024-08-11,C1188,Male,40,Beauty,Shampoo,1,396.26,396.26
T00888,2023-06-18,C1330,Male,22,Electronics,Headphones,2,2647.57,5295.14
T00889,2023-03-01,C1311,Female,21,Electronics,Smartphone,1,28965.96,28965.96
T00890,2023-03-20,C1433,Female,40,Electronics,Headphones,2,2650.26,5300.52
T00891,2023-07-05,C1398,Female,40,Home & Kitchen,Mixer Grinder,1,3176.25,3176.25
T00892,2024-04-10,C1151,Male,56,Sports,Running Shoes,4,4101.28,16405.12
T00893,2023-01-17,C1019,Female,49,Home & Kitchen,Mixer Grinder,2,3592.3,7184.6
T00894,2024-12-08,C1330,Male,51,Clothing,Jacket,3,3609.8,10829.4
T00895,2023-08-10,C1383,Male,33,Beauty,Face Cream,5,793.69,3968.45
T00896,2023-01-21,C1178,Male,57,Electronics,Laptop,3,65860.12,197580.36
T00897,2023-10-10,C1404,Male,49,Clothing,Jacket,4,3267.02,13068.08
T00898,2023-04-13,C1481,Male,55,Sports,Yoga Mat,2,785.69,1571.38
T00899,2023-08-25,C1026,Female,51,Electronics,Laptop,5,59247.1,296235.5
T00900,2024-06-26,C1472,Female,63,Electronics,Laptop,2,72300.76,144601.52
T00901,2024-02-24,C1256,Female,34,Electronics,Headphones,5,2219.98,11099.9
T00902,2023-10-15,C1116,Male,44,Electronics,Smartphone,5,30749.49,153747.45
T00903,2023-11-16,C1328,Female,26,Electronics,Smartphone,2,33732.25,67464.5
T00904,2023-08-23,C1447,Male,47,Beauty,Shampoo,2,453.79,907.58
T00905,2024-02-07,C1396,Female,53,Clothing,Jacket,1,3801.06,3801.06
T00906,2023-12-30,C1130,Female,46,Sports,Football,5,1092.26,5461.3
T00907,2024-08-24,C1371,Female,55,Home & Kitchen,Water Bottle,4,486.57,1946.28
T00908,2023-08-17,C1274,Female,25,Clothing,Jacket,4,3354.75,13419.0
T00909,2024-04-04,C1323,Male,52,Clothing,Jeans,2,1867.55,3735.1
T00910,2023-06-20,C1015,Female,42,Clothing,Shoes,4,3161.97,12647.88
T00911,2023-05-31,C1141,Male,61,Beauty,Lipstick,5,627.51,3137.55
T00912,2024-01-06,C1419,Male,25,Clothing,Shoes,4,2605.51,10422.04
T00913,2024-05-26,C1337,Male,50,Beauty,Skin Care Kit,5,1606.78,8033.9
T00914,2024-09-03,C1012,Female,31,Clothing,Jacket,2,3904.84,7809.68
T00915,2024-04-24,C1135,Female,40,Beauty,Skin Care Kit,2,1702.16,3404.32
T00916,2024-01-06,C1344,Female,49,Clothing,Dress,4,2305.8,9223.2
T00917,2024-11-10,C1047,Male,41,Clothing,Jacket,2,3072.14,6144.28
T00918,2024-10-29,C1488,Male,29,Sports,Football,1,1351.43,1351.43
T00919,2023-04-26,C1093,Male,39,Home & Kitchen,Water Bottle,5,563.01,2815.05
T00920,2023-10-07,C1136,Male,31,Electronics,Smartphone,4,29853.22,119412.88
T00921,2023-09-18,C1481,Male,21,Sports,Cricket Bat,5,2644.39,13221.95
T00922,2023-10-09,C1441,Female,56,Clothing,T-Shirt,2,716.82,1433.64
T00923,2023-07-09,C1359,Male,57,Sports,Running Shoes,2,3833.93,7667.86
T00924,2023-12-30,C1112,Male,21,Home & Kitchen,Water Bottle,5,443.21,2216.05
T00925,2023-09-07,C1404,Male,61,Clothing,T-Shirt,4,680.95,2723.8
T00926,2024-12-01,C1455,Male,20,Electronics,Headphones,4,2613.04,10452.16
T00927,2023-07-29,C1041,Female,26,Clothing,Jeans,2,1923.77,3847.54
T00928,2024-02-07,C1039,Male,31,Beauty,Skin Care Kit,2,1535.7,3071.4
T00929,2023-08-01,C1123,Female,36,Beauty,Lipstick,2,679.07,1358.14
T00930,2023-04-15,C1466,Male,39,Clothing,T-Shirt,2,793.52,1587.04
T00931,2023-08-09,C1379,Male,23,Electronics,Headphones,2,2163.14,4326.28
T00932,2023-08-24,C1183,Female,46,Home & Kitchen,Cookware Set,1,2938.12,2938.12
T00933,2023-04-14,C1237,Male,23,Sports,Running Shoes,4,4128.15,16512.6
T00934,2024-12-09,C1273,Male,50,Beauty,Lipstick,3,608.11,1824.33
T00935,2023-07-18,C1463,Male,40,Electronics,Laptop,2,64068.19,128136.38
T00936,2023-06-01,C1482,Male,20,Clothing,Shoes,4,3178.5,12714.0
T00937,2024-02-25,C1219,Male,63,Electronics,Headphones,3,2598.39,7795.17
T00938,2023-06-10,C1175,Female,61,Sports,Dumbbells,2,2217.12,4434.24
T00939,2024-11-28,C1341,Female,46,Electronics,Tablet,5,20531.65,102658.25
T00940,2023-08-27,C1302,Female,30,Beauty,Skin Care Kit,2,1899.9,3799.8
T00941,2024-11-19,C1177,Female,20,Clothing,Jeans,1,2043.4,2043.4
T00942,2023-08-06,C1206,Female,53,Beauty,Perfume,3,2125.0,6375.0
T00943,2023-06-29,C1415,Male,29,Beauty,Perfume,4,2464.21,9856.84
T00944,2024-03-15,C1225,Male,24,Home & Kitchen,Bedsheet,4,1646.36,6585.44
T00945,2024-10-01,C1055,Female,56,Electronics,Smartphone,5,34494.03,172470.15
T00946,2023-11-29,C1439,Female,58,Electronics,Smartphone,2,30364.97,60729.94
T00947,2024-02-19,C1093,Female,34,Electronics,Tablet,1,21773.79,21773.79
T00948,2024-04-07,C1033,Male,32,Sports,Cricket Bat,4,2725.6,10902.4
T00949,2023-09-27,C1347,Male,26,Sports,Dumbbells,2,2308.25,4616.5
T00950,2023-08-28,C1378,Female,62,Beauty,Perfume,5,2343.95,11719.75
T00951,2023-04-09,C1047,Male,60,Beauty,Lipstick,5,631.47,3157.35
T00952,2023-02-21,C1091,Male,39,Beauty,Lipstick,5,650.88,3254.4
T00953,2024-10-28,C1240,Female,65,Electronics,Laptop,1,74567.53,74567.53
T00954,2024-06-11,C1145,Female,46,Sports,Dumbbells,2,2160.65,4321.3
T00955,2024-03-19,C1332,Male,53,Clothing,Jacket,5,3289.21,16446.05
T00956,2023-04-13,C1402,Male,65,Clothing,T-Shirt,1,754.64,754.64
T00957,2023-07-01,C1249,Male,52,Beauty,Face Cream,4,890.62,3562.48
T00958,2023-03-27,C1415,Male,42,Electronics,Smartwatch,2,7729.39,15458.78
T00959,2024-08-04,C1404,Male,29,Electronics,Headphones,2,2786.23,5572.46
T00960,2023-02-15,C1278,Female,46,Home & Kitchen,Table Lamp,1,1363.59,1363.59
T00961,2023-06-11,C1331,Male,56,Electronics,Headphones,4,2149.36,8597.44
T00962,2023-04-23,C1318,Male,51,Beauty,Perfume,3,2234.11,6702.33
T00963,2023-04-23,C1044,Female,55,Electronics,Laptop,5,63161.43,315807.15
T00964,2023-02-14,C1108,Female,52,Clothing,Dress,1,2836.15,2836.15
T00965,2024-11-02,C1394,Female,53,Clothing,Jacket,3,3249.47,9748.41
T00966,2023-12-23,C1145,Female,64,Clothing,Jacket,3,3549.42,10648.26
T00967,2024-05-13,C1320,Female,20,Home & Kitchen,Water Bottle,5,534.13,2670.65
T00968,2024-11-19,C1369,Male,60,Clothing,Jacket,2,3492.02,6984.04
T00969,2023-02-18,C1164,Male,63,Beauty,Shampoo,5,422.86,2114.3
T00970,2023-08-22,C1209,Male,42,Clothing,Shoes,5,3352.18,16760.9
T00971,2023-01-12,C1035,Male,41,Beauty,Skin Care Kit,1,2061.03,2061.03
T00972,2023-08-17,C1423,Female,30,Sports,Dumbbells,4,2239.35,8957.4
T00973,2023-05-08,C1190,Female,28,Home & Kitchen,Mixer Grinder,4,3006.98,12027.92
T00974,2023-07-15,C1331,Female,28,Electronics,Smartwatch,2,7302.6,14605.2
T00975,2024-08-15,C1405,Male,56,Electronics,Smartwatch,2,9103.48,18206.96
T00976,2023-08-17,C1450,Male,55,Clothing,Dress,4,2751.43,11005.72
T00977,2024-09-06,C1467,Male,43,Beauty,Perfume,3,2481.29,7443.87
T00978,2024-11-28,C1326,Female,19,Electronics,Headphones,5,2171.01,10855.05
T00979,2023-06-02,C1225,Female,45,Clothing,T-Shirt,1,912.16,912.16
T00980,2024-04-25,C1449,Male,27,Beauty,Perfume,3,2028.85,6086.55
T00981,2024-12-18,C1287,Female,20,Clothing,Shoes,5,3077.09,15385.45
T00982,2024-10-18,C1086,Male,46,Home & Kitchen,Bedsheet,1,1298.82,1298.82
T00983,2024-11-06,C1006,Male,39,Electronics,Smartwatch,1,7768.07,7768.07
T00984,2024-10-27,C1439,Male,54,Electronics,Tablet,5,22396.77,111983.85
T00985,2023-02-15,C1144,Female,53,Home & Kitchen,Water Bottle,1,436.78,436.78
T00986,2023-10-02,C1353,Female,41,Clothing,Dress,5,2402.87,12014.35
T00987,2023-04-01,C1141,Male,39,Home & Kitchen,Cookware Set,4,2801.53,11206.12
T00988,2023-06-01,C1323,Male,44,Clothing,T-Shirt,5,725.85,3629.25
T00989,2023-01-12,C1156,Female,65,Electronics,Headphones,1,2686.75,2686.75
T00990,2023-02-26,C1343,Female,57,Home & Kitchen,Water Bottle,5,560.29,2801.45
T00991,2023-12-29,C1380,Male,51,Home & Kitchen,Water Bottle,3,503.02,1509.06
T00992,2023-09-06,C1237,Male,40,Home & Kitchen,Water Bottle,4,471.25,1885.0
T00993,2024-10-26,C1125,Female,39,Clothing,Shoes,1,2641.66,2641.66
T00994,2023-09-03,C1227,Male,55,Beauty,Face Cream,3,847.54,2542.62
T00995,2023-09-25,C1170,Male,53,Clothing,Jeans,1,1971.91,1971.91
T00996,2023-05-26,C1425,Female,48,Electronics,Smartphone,3,32860.1,98580.3
T00997,2024-01-21,C1230,Male,58,Sports,Cricket Bat,1,2805.15,2805.15
T00998,2023-07-22,C1271,Male,20,Electronics,Headphones,3,2495.95,7487.85
T00999,2024-07-15,C1498,Female,55,Sports,Running Shoes,4,4269.26,17077.04
T01000,2023-03-25,C1482,Male,41,Clothing,Jeans,2,1703.13,3406.26
T01001,2024-01-30,C1065,Male,47,Electronics,Headphones,2,2237.33,4474.66
T01002,2024-04-15,C1149,Female,38,Beauty,Face Cream,1,983.26,983.26
T01003,2024-01-17,C1353,Female,35,Sports,Dumbbells,4,2361.33,9445.32
T01004,2023-07-27,C1280,Female,48,Home & Kitchen,Water Bottle,5,431.25,2156.25
T01005,2024-05-11,C1075,Female,55,Home & Kitchen,Table Lamp,2,1035.64,2071.28
T01006,2024-07-19,C1295,Female,54,Beauty,Lipstick,3,659.97,1979.91
T01007,2023-07-06,C1490,Male,20,Home & Kitchen,Cookware Set,4,2952.65,11810.6
T01008,2023-01-26,C1371,Female,49,Home & Kitchen,Water Bottle,2,545.48,1090.96
T01009,2024-01-11,C1231,Male,19,Electronics,Laptop,5,71022.74,355113.7
T01010,2024-10-02,C1073,Female,51,Clothing,Dress,3,2352.08,7056.24
T01011,2023-04-15,C1150,Male,57,Electronics,Tablet,5,20313.97,101569.85
T01012,2024-12-23,C1048,Male,56,Sports,Cricket Bat,4,2222.84,8891.36
T01013,2023-06-14,C1125,Female,56,Sports,Running Shoes,1,4464.21,4464.21
T01014,2024-11-03,C1066,Male,25,Electronics,Laptop,2,70588.38,141176.76
T01015,2024-10-05,C1037,Male,27,Home & Kitchen,Water Bottle,4,458.54,1834.16
T01016,2024-12-06,C1176,Female,35,Sports,Dumbbells,5,2492.89,12464.45
T01017,2024-09-28,C1394,Female,45,Electronics,Laptop,2,57458.25,114916.5
T01018,2024-03-16,C1325,Female,64,Beauty,Perfume,2,2318.25,4636.5
T01019,2024-07-21,C1407,Female,58,Sports,Yoga Mat,2,915.63,1831.26
T01020,2023-07-10,C1009,Female,23,Electronics,Tablet,1,19858.83,19858.83
T01021,2023-06-18,C1062,Male,23,Home & Kitchen,Water Bottle,5,467.07,2335.35
T01022,2024-06-03,C1154,Female,53,Clothing,Shoes,2,3427.58,6855.16
T01023,2023-04-14,C1230,Male,33,Sports,Dumbbells,5,2444.22,12221.1
T01024,2024-11-09,C1466,Female,35,Sports,Cricket Bat,5,2465.06,12325.3
T01025,2023-05-18,C1343,Male,21,Sports,Yoga Mat,5,900.85,4504.25
T01026,2023-11-13,C1266,Female,65,Clothing,T-Shirt,2,873.22,1746.44
T01027,2024-06-23,C1223,Male,22,Sports,Dumbbells,1,1940.32,1940.32
T01028,2024-10-12,C1284,Male,51,Home & Kitchen,Table Lamp,3,1073.3,3219.9
T01029,2024-04-01,C1010,Female,48,Clothing,Jeans,3,1819.12,5457.36
T01030,2024-04-23,C1401,Male,22,Home & Kitchen,Table Lamp,5,1133.93,5669.65
T01031,2023-05-12,C1356,Male,19,Electronics,Headphones,4,2730.65,10922.6
T01032,2024-04-02,C1290,Female,39,Beauty,Face Cream,1,926.36,926.36
T01033,2023-12-16,C1194,Male,23,Electronics,Headphones,2,2849.33,5698.66
T01034,2024-06-10,C1053,Female,25,Electronics,Smartphone,4,34159.76,136639.04
T01035,2024-01-14,C1139,Male,36,Electronics,Tablet,2,24667.15,49334.3
T01036,2023-06-27,C1330,Female,38,Home & Kitchen,Table Lamp,3,1368.49,4105.47
T01037,2024-07-07,C1247,Male,63,Clothing,Jeans,2,1807.8,3615.6
T01038,2024-09-14,C1368,Female,31,Home & Kitchen,Water Bottle,5,514.85,2574.25
T01039,2024-02-18,C1153,Male,23,Electronics,Laptop,3,70485.17,211455.51
T01040,2024-06-21,C1426,Female,42,Clothing,Jacket,2,3212.46,6424.92
T01041,2024-12-06,C1144,Male,30,Beauty,Perfume,4,2070.22,8280.88
T01042,2023-03-26,C1416,Male,58,Home & Kitchen,Mixer Grinder,4,3252.17,13008.68
T01043,2024-11-10,C1378,Male,19,Clothing,Jeans,3,1764.73,5294.19
T01044,2023-05-12,C1355,Male,58,Beauty,Shampoo,5,486.08,2430.4
T01045,2024-04-08,C1163,Male,29,Sports,Cricket Bat,3,2827.5,8482.5
T01046,2023-01-20,C1239,Male,20,Beauty,Face Cream,3,889.36,2668.08
T01047,2023-05-08,C1210,Male,57,Electronics,Smartphone,1,33566.13,33566.13
T01048,2023-01-03,C1451,Female,45,Electronics,Laptop,5,59141.65,295708.25
T01049,2024-12-02,C1350,Female,31,Sports,Dumbbells,1,2050.89,2050.89
T01050,2023-02-22,C1175,Female,28,Electronics,Smartwatch,4,9146.85,36587.4
T01051,2023-02-16,C1094,Female,44,Sports,Football,4,1156.57,4626.28
T01052,2024-10-12,C1205,Female,37,Beauty,Shampoo,3,410.89,1232.67
T01053,2024-02-14,C1102,Female,26,Sports,Running Shoes,1,3858.68,3858.68
T01054,2023-03-18,C1077,Male,36,Home & Kitchen,Cookware Set,5,2809.74,14048.7
T01055,2024-12-17,C1058,Female,27,Sports,Cricket Bat,4,2699.73,10798.92
T01056,2023-12-18,C1033,Male,65,Clothing,T-Shirt,1,809.04,809.04
T01057,2024-03-25,C1209,Male,64,Home & Kitchen,Mixer Grinder,5,3721.44,18607.2
T01058,2023-11-30,C1464,Female,29,Clothing,Jacket,4,2982.45,11929.8
T01059,2023-09-03,C1289,Female,60,Clothing,Jacket,5,3282.45,16412.25
T01060,2024-12-18,C1094,Male,45,Beauty,Lipstick,4,729.84,2919.36
T01061,2024-07-11,C1064,Male,24,Sports,Yoga Mat,5,943.33,4716.65
T01062,2024-07-17,C1438,Male,48,Sports,Yoga Mat,4,882.73,3530.92
T01063,2024-07-11,C1073,Female,37,Home & Kitchen,Mixer Grinder,3,3178.84,9536.52
T01064,2023-09-03,C1176,Female,42,Clothing,Jeans,1,1693.73,1693.73
T01065,2023-04-12,C1310,Male,18,Clothing,Shoes,4,3271.98,13087.92
T01066,2023-02-18,C1487,Female,35,Home & Kitchen,Water Bottle,2,485.67,971.34
T01067,2024-08-05,C1083,Female,28,Electronics,Laptop,3,68146.33,204438.99
T01068,2023-03-17,C1158,Male,64,Electronics,Laptop,5,61999.12,309995.6
T01069,2024-10-03,C1023,Male,58,Clothing,Dress,5,2312.86,11564.3
T01070,2023-02-21,C1209,Male,30,Clothing,Jacket,5,3013.25,15066.25
T01071,2024-09-12,C1207,Female,26,Clothing,Dress,1,2357.3,2357.3
T01072,2024-10-01,C1105,Male,50,Electronics,Headphones,4,2863.24,11452.96
T01073,2024-10-13,C1190,Male,58,Electronics,Smartphone,4,30772.0,123088.0
T01074,2024-02-09,C1281,Male,37,Electronics,Smartphone,4,26883.16,107532.64
T01075,2023-12-18,C1177,Female,42,Sports,Football,1,1074.22,1074.22
T01076,2024-09-08,C1483,Female,25,Clothing,T-Shirt,1,796.9,796.9
T01077,2023-01-14,C1494,Female,33,Clothing,Jacket,1,3489.97,3489.97
T01078,2023-06-21,C1464,Male,33,Beauty,Perfume,2,2471.14,4942.28
T01079,2023-12-21,C1215,Male,19,Electronics,Smartwatch,3,7731.44,23194.32
T01080,2023-12-28,C1093,Male,31,Sports,Yoga Mat,4,770.25,3081.0
T01081,2023-12-12,C1337,Female,49,Home & Kitchen,Mixer Grinder,4,3577.67,14310.68
T01082,2024-08-22,C1011,Male,36,Electronics,Tablet,5,21895.62,109478.1
T01083,2023-01-28,C1065,Female,26,Clothing,Jacket,2,3065.08,6130.16
T01084,2023-07-29,C1431,Female,54,Sports,Yoga Mat,4,848.59,3394.36
T01085,2023-02-23,C1276,Female,61,Sports,Yoga Mat,4,819.38,3277.52
T01086,2024-10-29,C1158,Female,65,Clothing,Jeans,1,1662.16,1662.16
T01087,2023-04-11,C1056,Male,32,Beauty,Skin Care Kit,3,1750.34,5251.02
T01088,2023-04-02,C1279,Female,56,Electronics,Tablet,4,20857.5,83430.0
T01089,2024-03-17,C1218,Female,39,Sports,Running Shoes,5,3990.24,19951.2
T01090,2024-08-24,C1072,Female,60,Electronics,Laptop,1,64584.68,64584.68
T01091,2023-09-26,C1186,Female,26,Sports,Cricket Bat,3,2775.14,8325.42
T01092,2024-04-24,C1377,Male,48,Beauty,Lipstick,3,622.84,1868.52
T01093,2023-08-13,C1412,Female,49,Beauty,Lipstick,5,611.2,3056.0
T01094,2024-01-17,C1271,Female,31,Beauty,Skin Care Kit,2,1675.99,3351.98
T01095,2023-07-29,C1092,Male,51,Electronics,Tablet,1,22534.39,22534.39
T01096,2023-07-05,C1344,Female,23,Electronics,Smartwatch,3,8506.69,25520.07
T01097,2023-05-02,C1211,Female,36,Electronics,Smartwatch,5,8762.84,43814.2
T01098,2023-09-30,C1068,Male,35,Electronics,Smartphone,5,34425.18,172125.9
T01099,2024-02-13,C1479,Female,46,Home & Kitchen,Water Bottle,5,542.01,2710.05
T01100,2023-04-09,C1027,Female,23,Clothing,Jacket,2,3373.92,6747.84
T01101,2024-05-17,C1196,Female,65,Electronics,Laptop,2,65096.19,130192.38
T01102,2023-12-05,C1056,Male,25,Sports,Yoga Mat,5,971.86,4859.3
T01103,2023-09-18,C1375,Male,58,Sports,Cricket Bat,2,2187.05,4374.1
T01104,2023-01-23,C1048,Female,41,Sports,Football,4,1306.08,5224.32
T01105,2023-09-01,C1327,Male,28,Sports,Running Shoes,1,4133.99,4133.99
T01106,2023-12-31,C1090,Male,30,Electronics,Headphones,1,2855.05,2855.05
T01107,2024-05-18,C1274,Female,21,Clothing,Dress,5,2769.49,13847.45
T01108,2024-06-26,C1156,Female,27,Home & Kitchen,Bedsheet,1,1474.08,1474.08
T01109,2023-01-02,C1024,Female,31,Home & Kitchen,Water Bottle,1,516.98,516.98
T01110,2023-04-01,C1167,Male,54,Electronics,Tablet,2,23289.71,46579.42
T01111,2023-11-02,C1366,Male,46,Home & Kitchen,Cookware Set,1,3062.43,3062.43
T01112,2024-09-14,C1218,Male,34,Electronics,Headphones,2,2421.21,4842.42
T01113,2024-09-21,C1198,Male,28,Electronics,Smartwatch,5,8685.61,43428.05
T01114,2023-11-21,C1442,Male,31,Beauty,Skin Care Kit,5,1633.4,8167.0
T01115,2024-05-12,C1337,Male,59,Beauty,Shampoo,2,402.41,804.82
T01116,2023-02-07,C1025,Female,18,Beauty,Skin Care Kit,4,1942.35,7769.4
T01117,2023-06-07,C1057,Female,50,Electronics,Smartphone,5,26764.49,133822.45
T01118,2024-12-28,C1390,Male,18,Sports,Yoga Mat,1,1021.07,1021.07
T01119,2024-10-04,C1049,Female,49,Clothing,T-Shirt,1,798.27,798.27
T01120,2023-05-25,C1444,Female,19,Electronics,Headphones,4,2386.79,9547.16
T01121,2024-03-09,C1131,Male,29,Sports,Dumbbells,5,2455.92,12279.6
T01122,2023-02-15,C1170,Male,34,Sports,Football,1,1192.81,1192.81
T01123,2024-12-04,C1374,Female,55,Sports,Yoga Mat,3,862.9,2588.7
T01124,2024-01-17,C1089,Male,26,Home & Kitchen,Cookware Set,1,2649.42,2649.42
T01125,2023-03-02,C1186,Female,44,Beauty,Shampoo,5,410.56,2052.8
T01126,2023-08-25,C1227,Female,49,Beauty,Lipstick,4,715.43,2861.72
T01127,2024-04-17,C1159,Female,27,Electronics,Smartwatch,5,7645.54,38227.7
T01128,2024-04-30,C1406,Female,34,Clothing,Jacket,4,3391.09,13564.36
T01129,2024-09-16,C1035,Male,44,Clothing,Shoes,3,3249.6,9748.8
T01130,2023-03-22,C1173,Female,53,Clothing,Dress,5,2251.33,11256.65
T01131,2024-03-02,C1421,Male,45,Home & Kitchen,Cookware Set,2,2576.73,5153.46
T01132,2024-04-05,C1459,Female,38,Clothing,Jeans,1,1925.11,1925.11
T01133,2024-09-29,C1170,Male,61,Electronics,Smartwatch,3,8418.05,25254.15
T01134,2024-10-14,C1275,Female,41,Electronics,Smartwatch,1,7431.26,7431.26
T01135,2024-07-26,C1087,Female,57,Home & Kitchen,Mixer Grinder,3,3427.53,10282.59
T01136,2023-03-21,C1011,Male,48,Electronics,Smartphone,2,31070.42,62140.84
T01137,2024-04-20,C1437,Female,63,Sports,Yoga Mat,5,814.46,4072.3
T01138,2024-07-15,C1337,Female,43,Clothing,Jacket,3,3110.01,9330.03
T01139,2023-08-04,C1183,Female,53,Clothing,Dress,5,2563.81,12819.05
T01140,2023-09-14,C1021,Male,21,Beauty,Perfume,1,1929.08,1929.08
T01141,2024-09-16,C1300,Male,60,Home & Kitchen,Bedsheet,5,1584.56,7922.8
T01142,2023-02-20,C1181,Male,45,Clothing,Jeans,5,1631.53,8157.65
T01143,2023-07-03,C1023,Female,27,Beauty,Shampoo,1,481.62,481.62
T01144,2024-05-27,C1131,Female,48,Beauty,Face Cream,1,889.23,889.23
T01145,2023-07-08,C1477,Male,42,Clothing,Jacket,5,3878.85,19394.25
T01146,2024-02-21,C1406,Female,31,Sports,Cricket Bat,2,2181.36,4362.72
T01147,2023-06-20,C1223,Female,21,Home & Kitchen,Bedsheet,5,1617.27,8086.35
T01148,2023-09-24,C1489,Female,52,Beauty,Skin Care Kit,2,1766.06,3532.12
T01149,2023-11-30,C1369,Female,36,Sports,Running Shoes,4,4580.48,18321.92
T01150,2024-05-11,C1396,Female,33,Sports,Yoga Mat,3,864.44,2593.32
T01151,2023-03-21,C1031,Male,22,Home & Kitchen,Bedsheet,1,1406.14,1406.14
T01152,2024-07-06,C1479,Male,27,Home & Kitchen,Mixer Grinder,1,3497.03,3497.03
T01153,2024-04-11,C1087,Female,51,Home & Kitchen,Table Lamp,3,1054.23,3162.69
T01154,2023-04-30,C1067,Female,50,Home & Kitchen,Table Lamp,5,1264.32,6321.6
T01155,2024-10-24,C1286,Female,39,Beauty,Skin Care Kit,4,2034.0,8136.0
T01156,2023-04-23,C1476,Female,24,Home & Kitchen,Water Bottle,2,456.91,913.82
T01157,2023-07-16,C1294,Male,22,Electronics,Smartwatch,4,8015.24,32060.96
T01158,2024-05-26,C1474,Male,21,Sports,Cricket Bat,2,2834.78,5669.56
T01159,2024-05-17,C1248,Female,33,Sports,Yoga Mat,1,815.2,815.2
T01160,2024-10-04,C1115,Male,59,Electronics,Smartphone,2,32885.19,65770.38
T01161,2024-01-22,C1226,Female,33,Home & Kitchen,Cookware Set,1,2932.54,2932.54
T01162,2024-09-15,C1127,Male,30,Electronics,Laptop,2,65928.51,131857.02
T01163,2024-02-20,C1448,Female,39,Clothing,Shoes,3,3302.34,9907.02
T01164,2024-04-17,C1481,Male,54,Home & Kitchen,Table Lamp,4,1317.63,5270.52
T01165,2023-11-22,C1017,Female,59,Electronics,Smartphone,3,30818.24,92454.72
T01166,2023-03-28,C1307,Female,47,Home & Kitchen,Water Bottle,1,462.89,462.89
T01167,2024-02-25,C1493,Female,25,Home & Kitchen,Cookware Set,2,2800.49,5600.98
T01168,2024-04-16,C1110,Female,21,Beauty,Perfume,1,2228.1,2228.1
T01169,2024-01-16,C1268,Male,50,Electronics,Headphones,5,2210.04,11050.2
T01170,2024-09-19,C1468,Male,39,Clothing,Jacket,1,3836.67,3836.67
T01171,2024-09-28,C1427,Female,21,Beauty,Perfume,2,2066.71,4133.42
T01172,2023-09-22,C1009,Male,36,Sports,Football,4,1284.34,5137.36
T01173,2024-09-28,C1123,Male,62,Beauty,Perfume,3,2222.81,6668.43
T01174,2024-03-18,C1080,Female,58,Clothing,T-Shirt,1,786.64,786.64
T01175,2023-05-16,C1387,Female,36,Beauty,Face Cream,1,796.74,796.74
T01176,2024-11-20,C1373,Male,57,Beauty,Face Cream,1,963.41,963.41
T01177,2024-05-09,C1038,Male,56,Home & Kitchen,Mixer Grinder,2,3857.66,7715.32
T01178,2024-07-03,C1150,Female,65,Electronics,Laptop,3,61018.54,183055.62
T01179,2024-07-29,C1347,Female,29,Home & Kitchen,Bedsheet,4,1562.34,6249.36
T01180,2023-02-02,C1377,Male,22,Beauty,Perfume,5,2438.28,12191.4
T01181,2023-02-08,C1347,Female,35,Sports,Cricket Bat,4,2234.18,8936.72
T01182,2023-07-16,C1142,Female,51,Clothing,Dress,5,2577.42,12887.1
T01183,2023-05-18,C1473,Female,40,Beauty,Lipstick,2,725.9,1451.8
T01184,2024-12-21,C1215,Male,54,Sports,Running Shoes,1,3925.96,3925.96
T01185,2023-06-27,C1245,Female,19,Electronics,Tablet,1,20809.29,20809.29
T01186,2023-09-17,C1373,Female,18,Sports,Football,3,1312.43,3937.29
T01187,2024-05-25,C1069,Female,24,Home & Kitchen,Table Lamp,5,1076.31,5381.55
T01188,2023-07-27,C1213,Male,23,Electronics,Smartwatch,1,7559.84,7559.84
T01189,2023-10-15,C1493,Female,32,Clothing,Jeans,2,2000.32,4000.64
T01190,2023-12-19,C1157,Female,43,Home & Kitchen,Bedsheet,2,1507.93,3015.86
T01191,2024-03-30,C1228,Female,57,Electronics,Smartwatch,5,7440.56,37202.8
T01192,2024-03-02,C1497,Male,56,Beauty,Lipstick,3,614.67,1844.01
T01193,2023-05-27,C1259,Female,45,Clothing,Dress,1,2552.14,2552.14
T01194,2023-12-31,C1090,Male,58,Beauty,Shampoo,3,508.86,1526.58
T01195,2024-08-12,C1091,Male,50,Electronics,Tablet,1,20529.91,20529.91
T01196,2024-08-29,C1223,Male,21,Sports,Dumbbells,4,2094.54,8378.16
T01197,2024-09-15,C1351,Male,63,Sports,Yoga Mat,5,853.21,4266.05
T01198,2023-11-02,C1124,Male,19,Sports,Running Shoes,3,4234.31,12702.93
T01199,2024-03-25,C1040,Female,39,Home & Kitchen,Bedsheet,1,1277.41,1277.41
T01200,2023-03-27,C1324,Female,60,Electronics,Headphones,1,2825.26,2825.26
